IDCOT;IMMOSIS;TYPE_DOSSIER;OCCUPANT;DIT;REGION;DATE_DEBUT_COT;DATE_FIN_COT;FRAIS_DOSSIER;REDEVANCE;EN_SITE;UT;PROCESS;PHASE_ACTUELLE;REINT_PLATEFORME;ANCIENNE_NUM;NUM_AFFAIRE;COMMUNE;LIGNE;PK;PARCELLE_FERROVIERE;TYPE_RESEAU;DSP_CONCESSION;ID_COT;GEO
202103-SR-81-00384;506937;Backlog, Creation;RTE;DIT Grand Sud;Occitanie;09/03/2022;09/03/2042;38,11 €;0,00 €;Non;;Réseau;COT Active;Réintégré Plateforme;17-A478;;LESCURE-D'ALBIGEOIS;736 000;PK 418+400 approximatif;BH 20;Electricité ?;No;-384;
202102-SR-13-00001;516801;Avenant admin,;M, Cedric REZETTE;DIT Grand Sud;PACA;06/02/2021;06/02/2041;1 257,30 €;38,52 €;Non;;Réseau;COT Active;;14-A867;;Meyrargues;905000;383+053;AP 0007;Eau ??;No;1;
202103-SR-44-00005;497191;Backlog, Creation;Atlantic’eau;DIT Centre - Ouest;Pays de Loire;30/11/2021;30/11/2041;1 000,00 €;286,69 €;Non;;Réseau;COT Active;Réintégré Plateforme;;;DREFFÉAC;470000-1;PK 488+126;ZD 141;Eau ??;No;5;
202107-SR-77-00008;;Création Plateforme;GRTGaz;;;;;38,11 €;0,00 €;;;Réseau;COT Active;;;;Crisenoy;752 100 (LGV);036+009 (PRA);YB 19;Gaz ?;No;8;"{""type"":""FeatureCollection"",""features"":[{""type"":""Feature"",""id"":0,""geometry"":{""type"":""Polygon"",""coordinates"":[[[2.722650105133653,48.5921182868783],[2.723666662350297,48.592221181870656],[2.7239402476698156,48.592249566659234],[2.7242272440344095,48.5922602109508],[2.724667126312852,48.591947977465054],[2.7240931335836645,48.59178476373867],[2.7226045075803995,48.591529297717244],[2.7223926130682226,48.59198878081426],[2.722650105133653,48.5921182868783]]]},""properties"":null}]}"
202103-SR-82-00008;502825;Backlog, Creation;ENEDIS;DIT Grand Sud;Occitanie;15/02/2022;15/02/2042;38,11 €;0,00 €;Non;;Réseau;COT Active;Réintégré Plateforme;19-A595;;MONTBARTIER;640000-1;PK 220+087;C 177;Electricité ?;No;8;"{""type"":""FeatureCollection"",""features"":[{""type"":""Feature"",""id"":0,""geometry"":{""type"":""Polygon"",""coordinates"":[[[2.722650105133653,48.5921182868783],[2.723666662350297,48.592221181870656],[2.7239402476698156,48.592249566659234],[2.7242272440344095,48.5922602109508],[2.724667126312852,48.591947977465054],[2.7240931335836645,48.59178476373867],[2.7226045075803995,48.591529297717244],[2.7223926130682226,48.59198878081426],[2.722650105133653,48.5921182868783]]]},""properties"":null}]}"
202103-SR-69-00011;516136;Backlog, Creation;Communauté de communes du Pays de l’Arbresle;DIT Auvergnes Rhone Alpes Bourgogne Franches Comté;Auvergnes Rhone Alpes;24/11/2021;24/11/2041;1 000,00 €;417,27 €;Non;;Réseau;COT Active;Réintégré Plateforme;;;COURZIEU;782000-1;PK 32+391 (PN 23) et PK entre 32+580 et 32+610 (PN 23-2);AC 232, AC 31, AC 28, et AC 22 ;Eau ??;No;11;
202103-GC-49-00014;562642;Backlog, Creation;ENEDIS;DIT Ouest Centre Val de Loire;Pays de la Loire;24/08/2022;23/08/2042;38,11 €;0,00 €;Oui;002786V;G&C, Réseau;COT Active;;;DA27/067931;Angers;515000-1;342+900;DK678, DK 769 (G&C) et DK684 (SNCF Réseau)  ;Electricité ?;No;14;"{""type"":""FeatureCollection"",""features"":[{""type"":""Feature"",""id"":0,""geometry"":{""type"":""Polygon"",""coordinates"":[[[4.841729253530502,47.78681192692699],[4.84177753329277,47.786606481155445],[4.8428262770175925,47.786572240114566],[4.8428986966609955,47.786750653711664],[4.841729253530502,47.78681192692699]]]},""properties"":null}]}"
202103-SR-03-00030;506333;Backlog, Creation;ENEDIS;DIT Auvergne Rhône Alpes Bourgogne Franche Comté;Auvergne Rhône Alpes;03/03/2022;03/03/2042;38,11 €;0,00 €;Non;;Réseau;COT Active;Réintégré Plateforme;18-A420;;MONTLUCON;702000-1;PK 328+147;CK  26;Electricité ?;No;30;
202103-SR-86-00032;537945;Backlog, Creation;SRD;DIT Nouvelle Aquitaine;Nouvelle Aquitaine;01/03/2023;28/02/2043;1 000,00 €;2,40 €;Non;;Réseau;COT Active;;;;LOUDUN;573000-1;PK 003+823 (PN 4);XX 15;Electricité ?;No;32;"{""type"":""FeatureCollection"",""features"":[{""type"":""Feature"",""id"":0,""geometry"":{""type"":""Polygon"",""coordinates"":[[[2.2735041288472084,49.16442943167209],[2.275757193402871,49.16522218081505],[2.2759717701240625,49.16393133572555],[2.278847089204875,49.16101978940094],[2.2761005071736244,49.159981415493945],[2.275907388124552,49.159925286554454],[2.268053880128947,49.15738538547757],[2.2672170309163007,49.15852204239283],[2.2749417928791913,49.16097769358487],[2.276164880189982,49.16135655464123],[2.2735041288472084,49.16442943167209]]]},""properties"":null}]}"
202103-SR-13-00038;521510;Backlog, Creation;ENEDIS;DIT Grand Sud;PACA;11/01/2022;11/01/2042;38,11 €;0,00 €;Oui;022413Z;Réseau;COT Active;;;DC25/038851;AIX-EN-PROVENCE;905000-2 à proximité;PK 403+300 et 403+500 à proximité;MN 238;Electricité ?;No;38;"{""type"":""FeatureCollection"",""features"":[{""type"":""Feature"",""id"":0,""geometry"":{""type"":""Polygon"",""coordinates"":[[[2.42360719,48.900243829999994],[2.4238646900000003,48.90022972],[2.4234140800000006,48.90154153],[2.42299565,48.901647319999995],[2.42348918,48.90030730000001],[2.42360719,48.900243829999994]]]},""properties"":null}]}"
202103-SR-79-00053;521852;Backlog, Creation;Gérédis;DIT Nouvelle Aquitaine;Nouvelle Aquitaine;24/12/2021;24/12/2041;1 000,00 €;1,20 €;Non;;Réseau;COT Active;Réintégré Plateforme;;;LA CHAPELLE-BERTRAND;524000-1;035+967 (PN 43);A 249;Electricité ?;No;53;"{""type"":""FeatureCollection"",""features"":[{""type"":""Feature"",""id"":0,""geometry"":{""type"":""Polygon"",""coordinates"":[[[7.35080924,48.09189658],[7.35132691,48.09186432999999],[7.35133227,48.0919342],[7.351514659999999,48.09191448999999],[7.351487839999999,48.091686960000004],[7.35077974,48.09174967000001],[7.35080924,48.09189658]]]},""properties"":null}]}"
202109-SR-84-00080;564031;Création Plateforme;Le syndicat Rhône Ventoux;DIT Grand Sud;PACA;02/09/2022;01/09/2042;1 604,41 €;38,78 €;Non;;Réseau;COT Active;;;;Monteux;927000;008+250;OF 126;Eau ??;No;80;"{""type"":""FeatureCollection"",""features"":[{""type"":""Feature"",""id"":0,""geometry"":{""type"":""Polygon"",""coordinates"":[[[4.963641152830351,44.026113733276645],[4.963544593351652,44.02607516187646],[4.963611648545194,44.02599609042758],[4.962713108951748,44.02573766105414],[4.9628131420224015,44.02577807209951],[4.962740722413376,44.025843643793536],[4.962375942160514,44.02566235716836],[4.961733401542741,44.02530134120215],[4.961575151285983,44.02543055698081],[4.961446405314385,44.02535727045435],[4.960389704456716,44.02502357209033],[4.960258276277376,44.02502742929991],[4.959883753672563,44.025558841839796],[4.95906622439765,44.02665954119675],[4.959093046475066,44.026748254505094],[4.9590474489434575,44.02687746712971],[4.958907981632156,44.02709840717438],[4.958822150984425,44.027210262234945],[4.9587524135831424,44.02718133422226],[4.958999176695371,44.02682069714601],[4.958984063978528,44.02665463493577],[4.959389187222882,44.02607917678375],[4.959739459889379,44.02561171705025],[4.960063468815225,44.02515555453877],[4.960219036864239,44.02495883695565],[4.960390698159704,44.02494726531279],[4.9614905756289165,44.02530200662093],[4.961605910561808,44.0253560072785],[4.961758796403081,44.02524029152343],[4.962244785824736,44.025509301062186],[4.9625130065989,44.02562308770678],[4.962858807872488,44.025716125223965],[4.963285278903407,44.02582991147159],[4.963639330325302,44.02592634032396],[4.963777824495867,44.02596331461655],[4.963641152830351,44.026113733276645]]]},""properties"":null}]}"
202103-SR-12-00081;500753;Backlog, Creation;ENEDIS;DIT Grand Sud;Occitanie;11/01/2022;11/01/2042;38,11 €;0,00 €;Oui;003274B;Réseau;COT Active;Réintégré Plateforme;18-A250;;MONTROZIER;725 000;613+425;A 1521;Electricité ?;No;81;
202103-PO-19-00091;503934;Backlog, Creation;Syndicat Mixte Dorsal;DIT Nouvelle Aquitaine;Nouvelle Aquitaine;21/02/2022;21/02/2042;1 000,00 €;47,87 €;Non;;POC;COT Active;Réintégré Plateforme;Tiers 89;;VARETZ;613 000;492+290;AO 2;Télécom ??;No;91;
202108-SR-26-00098;566654;Création Plateforme;Enedis;DIT Auvergne Rhone Alpes BFC;Auvergne Rhône Alpes;01/10/2022;30/09/2042;38,11 €;11 360,00 €;Non;;Réseau;COT Active;;;;Châteauneuf-sur-Isère;752000;489+700;YT 37, YT 98, YT 115 et YT 116;Electricité ?;No;98;"{""type"":""FeatureCollection"",""features"":[{""type"":""Feature"",""id"":0,""geometry"":{""type"":""Polygon"",""coordinates"":[[[4.956295357185313,45.0309421132645],[4.957861758266856,45.03089661288993],[4.95777592757838,45.0338384854584],[4.958655692135263,45.03843296327116],[4.956831790005138,45.038463288631846],[4.957990504299572,45.03950950373479],[4.958560024351757,45.04026702788988],[4.959272182281901,45.0405838677687],[4.960933884118909,45.040453404501676],[4.961988932904309,45.04047204212944],[4.96267471461482,45.04047204212941],[4.963228615227154,45.03957742914736],[4.966050870728101,45.03922330764436],[4.966393761583355,45.04022975249467],[4.962305447539929,45.041049805579576],[4.960432735945844,45.041142992686446],[4.9588237865481055,45.04106844301313],[4.957425846907454,45.040863430910576],[4.957030203612929,45.03987563502895],[4.955816897509716,45.039204669609774],[4.9551574920188415,45.037620414482376],[4.957346718248547,45.037694968648395],[4.956295357185313,45.0309421132645]]]},""properties"":null}]}"
202103-SR-93-00103;465274;Backlog, Creation;La Compagnie Parisienne de Chauffage Urbain (CPCU);DIT Ile de France;Ile De France;05/11/2021;05/11/2041;1 000,00 €;28,67 €;Oui;002196D;Réseau;COT Active;Réintégré Plateforme;;;Saint-Ouen-sur-Seine;sans objet;sans objet;L 0058;Eau ??;No;103;
202103-SR-01-00104;521553;Backlog, Creation;ENEDIS;DIT Auvergne Rhône Alpes Bourgogne Franche Comté;Auvergne Rhône Alpes;13/06/2022;13/06/2042;38,11 €;0,00 €;Oui;005385D;Réseau;COT Active;Réintégré Plateforme;;;CERTINES;883000;entre 043+500 et 043+600;A 0163 - ZE 0148;Electricité ?;No;104;"{""type"":""FeatureCollection"",""features"":[{""type"":""Feature"",""id"":0,""geometry"":{""type"":""Polygon"",""coordinates"":[[[-0.26261233530203754,49.141956135654766],[-0.2620694562956487,49.14221722939874],[-0.26200508311558224,49.142165291501186],[-0.262131683413827,49.14208949011504],[-0.2619535848334635,49.14201509243034],[-0.26225184650866135,49.141810147205405],[-0.26261233530203754,49.141956135654766]]]},""properties"":null}]}"
202103-SR-23-00119;596246;Backlog, Creation;ENEDIS;DIT Nouvelle Aquitaine;Nouvelle Aquitaine;30/04/2021;29/04/2021;38,11 €;0,00 €;Non;;Réseau;COT Active;Réintégré Plateforme;Tiers 95;;St Sulpice Le Gueretois ;702 000;407+540; BL 192;Electricité ?;No;119;"{""type"":""FeatureCollection"",""features"":[{""type"":""Feature"",""id"":0,""geometry"":{""type"":""Polygon"",""coordinates"":[[[2.7932339161416166,49.76751283831473],[2.793126627781021,49.767046816773956],[2.7975247799913627,49.76652419745261],[2.797739356712554,49.767144410259135],[2.793297618583892,49.76752207785742],[2.7932339161416166,49.76751283831473]]]},""properties"":null}]}"
202103-SR-33-00124;506223;Backlog, Creation;RTE;DIT Nouvelle Aquitaine;Nouvelle Aquitaine;09/03/2022;09/03/2042;38,11 €;0,00 €;Oui;003993S;Réseau;COT Active;Réintégré Plateforme;18-A475 ;;LE TEICH;655000;Du 42+800 au 43+000;CK 11;Electricité ?;No;124;
202103-SR-65-00132;???;Backlog, Creation;Commune de Camalès;DIT Grand Sud;Occitanie;09/11/2021;09/11/2041;1 000,00 €;56,93 €;Non;;Réseau;COT Active;Réintégré Plateforme;17-A103;;Camalès;652 000;231+070; 0D 0734;Eau ??;No;132;
202103-SR-09-00134;555735;Backlog, Creation;RTE;DIT Grand Sud;Midi Pyrénées;30/08/2022;29/08/2042;38,11 €;0,00 €;Non;;Réseau;COT Active;Réintégré Plateforme;20-A017T ;;AX LES THERMES;672 000;126+030;B 1287;Electricité ?;No;134;"{""type"":""FeatureCollection"",""features"":[{""type"":""Feature"",""id"":0,""geometry"":{""type"":""Polygon"",""coordinates"":[[[4.9839987957249425,47.33650514125287],[4.983902236246244,47.336397896322865],[4.984116812865576,47.33630882833404],[4.984221418967498,47.33641607344498],[4.9839987957249425,47.33650514125287]]]},""properties"":null}]}"
202103-SR-11-00139;562768;Backlog, Creation;Enedis;DIT Grand Sud;Occitanie;01/09/2022;01/09/2042;38,11 €;0,00 €;Non;;Réseau;COT Active;Réintégré Plateforme;19-A413;;CASTELNAUDARY;640 000;313+698;YV n°76, 79, 81 et 84;Electricité ?;No;139;
202103-SR-88-00142;465247;Avenant admin,;Losange;DIT Grand  Est ;Grand  Est ;01/04/2021;01/04/2041;1 257,30 €;55,06 €;Non;;Réseau;COT Active;;16-A549 (DSP - transfert);;Remiremont;060000;26+750;AI 087;Télécom ??;No;142;
202103-PO-87-00143;564276;Création;Syndicat Mixte Dorsal;DIT Nouvelle Aquitaine ;Nouvelle Aquitaine;30/09/2022;29/09/2042;1 604,41 €;168,81 €;Oui;005092T;POC;COT Active;Réintégré Plateforme;Tiers 96;;Royères;713 000;402+354 (PN 11);0A 0428;Télécom ??;Yes;143;"{""type"":""FeatureCollection"",""features"":[{""type"":""Feature"",""id"":0,""geometry"":{""type"":""Polygon"",""coordinates"":[[[2.3526916478154773,48.819889429412655],[2.353335377978867,48.82000245629828],[2.3528633091925686,48.82079363576926],[2.3527953672774555,48.8214679042548],[2.3527739096053746,48.82172220554443],[2.3514113474260165,48.82201182359543],[2.350252633131813,48.82226612218105],[2.347280745543577,48.82230144118449],[2.3471734571830076,48.82251335518163],[2.3464224386589434,48.82253454284319],[2.346476082839263,48.82210364925723],[2.349040274657374,48.82200475622932],[2.3500809717549496,48.82137606835681],[2.3503384638202225,48.821100576997026],[2.352030937708356,48.821101019419615],[2.352033619917355,48.82089571702028],[2.352208850193093,48.82069827920253],[2.3522517655372597,48.82061351079571],[2.3526916478154773,48.819889429412655]]]},""properties"":null}]}"
202103-SR-31-00171;500549;Backlog, Creation;Syndicat Départemental d’Energie de la Haute Garonne (SDEHG);DIT Grand Sud ;Occitanie;22/11/2021;22/11/2041;1 000,00 €;1,16 €;Non;;Réseau;COT Active;Réintégré Plateforme;19-A264;;MARTRES-TOLOSANE;650000-1;PK 063+277;AM 26;Electricité ?;No;171;
202103-SR-28-00181;465244;Backlog, Creation;Sicap Pithiviers;DIT OUEST Centre Val de Loire;Centre Val de Loire;28/12/2021;28/12/2041;1 000,00 €;1,20 €;Non;;Réseau;COT Active;Réintégré Plateforme;;; Toury;557 000;029+100 (PN 30);AE 30;Electricité ?;No;181;
202103-SR-24-00182;531478;Backlog, Creation;Enedis;"DIT Nouvelle
  Aquitaine";Nouvelle Aquitaine;02/09/2022;01/09/2042;38,11 €;0,00 €;Non;;Réseau;COT Active;Réintégré Plateforme;20IAQ-A005;;Montcaret;629000-1;PK 573+032 (PN 385);AS 0085;Electricité ?;No;182;"{""type"":""FeatureCollection"",""features"":[{""type"":""Feature"",""id"":0,""geometry"":{""type"":""Polygon"",""coordinates"":[[[3.9461933914571996,49.66461059427536],[3.9455040637403718,49.664154000842245],[3.9460780564695592,49.663680041909515],[3.946888083592056,49.66433802760835],[3.9461933914571996,49.66461059427536]]]},""properties"":null}]}"
202103-SR-77-00183;;Backlog, Creation;;DIT Ile de France;Ile de France;24/09/2021;23/09/2041;38,11 €;0,00 €;Oui;009177S;Réseau;COT Active;Réintégré Plateforme;;;CHAUCONIN NEUFMONTIERS;005000;19+000;ZA 51 ZA 29 ZA 53;Gaz ?;No;183;
202103-PO-19-00212;503921;Backlog, Creation;Syndicat Mixte DORSAL;DIT Nouvelle Aquitaine;Nouvelle Aquitaine;21/02/2022;21/02/2042;1 000,00 €;31,91 €;Non;;POC;COT Active;Réintégré Plateforme;Tiers 103;;CHAVEROCHE;713000-1;PK 492+873 (PN62);AK 67 + AK 66 + ZH 15;Télécom ??;No;212;"{""type"":""FeatureCollection"",""features"":[{""type"":""Feature"",""id"":0,""geometry"":{""type"":""Polygon"",""coordinates"":[[[6.156384319045174,49.15560415884545],[6.15521487591468,49.15560766721208],[6.15521487591468,49.155465578164126],[6.156395047881233,49.15553574564615],[6.156384319045174,49.15560415884545]]]},""properties"":null}]}"
202103-SR-34-00223;503346;Backlog, Creation;GRDF;DIT Grand Sud ;Occitanie;17/02/2022;17/02/2042;38,11 €;0,00 €;Oui;006257M;Réseau;COT Active;Réintégré Plateforme;;;SAINT-THIBERY;732000-2;PK 458+295 (PN 9);B 1620 et B 1312;Gaz ?;No;223;
202103-SR-84-00238;500768;Backlog, Creation;ENEDIS;DIT grand Sud;PACA;12/01/2022;12/01/2042;38,11 €;0,00 €;Non;;Réseau;COT Active;Réintégré Plateforme;16-A682;DC25/001761;AVIGNON;929300-1;PK 000+458 à 000+510;IM 478 ;Electricité ?;No;238;
202103-SR-22-00245;515216;Backlog, Creation;GRDF;DIT Centre - Ouest;Bretagne;17/03/2022;17/03/2042;38,11 €;0,00 €;Non;;Réseau;COT Active;Réintégré Plateforme;;;Quévert;415000-1;PK 167+609;AI 25  ;Gaz ?;No;245;"{""type"":""FeatureCollection"",""features"":[{""type"":""Feature"",""id"":0,""geometry"":{""type"":""Polygon"",""coordinates"":[[[4.498028391972183,46.091183955311294],[4.497660929337143,46.09092353425777],[4.498060578480362,46.0904101291508],[4.4984468165785065,46.09064265017176],[4.498028391972183,46.091183955311294]]]},""properties"":null}]}"
202103-SR-22-00248;465236;Backlog, Creation;Parc Eolien Biterne Sud ;DIT OUEST Bretagne Pays de la Loire;Bretagne;17/11/2021;17/11/2041;1 000,00 €;92,98 €;Non;;Réseau;COT Active;Réintégré Plateforme;18-A558;;Broons;420 000;425+800;ZK 175;Electricité ?, Télécom ??;No;248;"{""type"":""FeatureCollection"",""features"":[{""type"":""Feature"",""id"":0,""geometry"":{""type"":""Polygon"",""coordinates"":[[[3.939114108725335,43.63933242692019],[3.939307227774407,43.63884520632166],[3.9394037872989434,43.6388587942007],[3.9392079860408558,43.63934989690813],[3.939114108725335,43.63933242692019]]]},""properties"":null}]}"
202103-PO-39-00251;522830;Avenant admin,;Département du Jura;DIT Auvergne Rhône Alpes Bourgogne Franche Comt;Bourgogne Franche Comté;10/08/2022;10/08/2042;1 257,30 €;29,15 €;Oui;007799K;POC;COT Active;;13-A957;;Vaux les Saint Claude;878000;87+953 (PN72);AK-912;Télécom ??;Yes;251;"{""type"":""FeatureCollection"",""features"":[{""type"":""Feature"",""id"":0,""geometry"":{""type"":""Polygon"",""coordinates"":[[[1.492872107774019,46.2387300391467],[1.4934246428310871,46.23813267320793],[1.4939932711422441,46.23831448092122],[1.49359630420804,46.23897120988792],[1.492872107774019,46.2387300391467]]]},""properties"":null}]}"
202103-PO-39-00252;522822;Avenant admin,;Département du Jura;DIT Auvergne Rhône Alpes Bourgogne Franche Comté;Bourgogne Franche Compté;10/08/2022;10/08/2042;1 257,30 €;77,74 €;Non;;POC;COT Active;;14-A127;;Vaux Les Saint Claude;878000;86+678 (PN70);AI 358;Télécom ??;Yes;252;
202103-SR-35-00257;515201;Backlog, Creation;GRDF;DIT Centre - Ouest;Bretagne;17/03/2022;17/03/2042;38,11 €;0,00 €;Non;;Réseau;COT Active;Réintégré Plateforme;;;GAËL;472000-1;PK 063+200;B 705;Gaz ?;No;257;
202103-SR-89-00277;???;Backlog, Creation;Commune de Voutenay-sur-Cure;DIT Auvergnes Rhone Alpes Bourgogne Franches Comté;Bourgogne Franches Comté;24/11/2021;24/11/2041;1 000,00 €;30,75 €;Non;;Réseau;COT Active;Réintégré Plateforme;17-A391;;VOUTENAY-SUR-CURE;755 000;210+091;0A 1679;Eau ??;No;277;
202103-PO-71-00296;???;Backlog, Creation;;DIT Auvergne Rhone Alpes BFC;BFC;28/11/2022;27/11/2042;1 000,00 €;0,00 €;Non;;POC;COT Active;Réintégré Plateforme;18-A644;;SULLY;752000-1-V1 à proximité ;PK 246+900 et 247+000;D 648 ZA 63;Electricité ?;No;296;"{""type"":""FeatureCollection"",""features"":[{""type"":""Feature"",""id"":0,""geometry"":{""type"":""Polygon"",""coordinates"":[[[0.4939584284693409,45.83671380148223],[0.49418105181757704,45.836321371001105],[0.4943473487765004,45.836239147121006],[0.49445463713709603,45.836315764831284],[0.49431516226832173,45.836399857318696],[0.4940952211291005,45.836732488579],[0.4939584284693409,45.83671380148223]]]},""properties"":null}]}"
202103-SR-51-00316;465225;Backlog, Creation;Syndicat intercommunal de la Marne;DIT Grand  Est ;Grand Est;20/10/2021;20/10/2041;1 000,00 €;128,84 €;Non;;Réseau;COT Active;Réintégré Plateforme;;;Connantre;010 000;039+147 (PN 55);YS 87;Electricité ?;No;316;
202103-SR-51-00322;497257;Backlog, Creation;ENEDIS;DIT Grand Est;Grand Est;11/01/2022;11/01/2042;38,11 €;0,00 €;Non;;Réseau;COT Active;Réintégré Plateforme;2020-18;;SÉZANNE;010000-1;PK 052+400;ZE 23;Electricité ?;No;322;
202103-SR-57-00325;564523;Backlog, Creation;La Horgne du Sablon;DIT Grand Est;Grand Est;01/03/2021;28/02/2041;1 000,00 €;119,45 €;Non;;Réseau;COT Active;Réintégré Plateforme;;;MONTIGNY-LES-METZ;099000-1;PK 002+800 à 003+300;43 0365;Eau ??;No;325;
202103-SR-34-00340;521604;Backlog, Creation;Agglomération Hérault Méditerranée;DIT Grand Sud;Occitanie ;20/06/2022;20/06/2042;1 000,00 €;301,02 €;Non;;Réseau;COT Active;Réintégré Plateforme;;;PÉZENAS;732000-2;PK 467+100 ;BM 85;Eau ??;No;340;
202103-SR-37-00344;500077;Backlog, Creation;ENEDIS;DIT OUEST Centre Val de Loire;Centre Val de Loire;11/01/2022;11/01/2042;38,11 €;0,00 €;Non;;Réseau;COT Active;Réintégré Plateforme;;DA28/030617;VILLIERS-AU-BOUIN;500000-1;PK 232+800 (PN 147);A 558;Electricité ?;No;344;"{""type"":""FeatureCollection"",""features"":[{""type"":""Feature"",""id"":0,""geometry"":{""type"":""Polygon"",""coordinates"":[[[2.783475414147688,49.737653349446475],[2.784647002848942,49.73753131221207],[2.785415187903709,49.739084489960874],[2.784059062763845,49.739189882367526],[2.783475414147688,49.737653349446475]]]},""properties"":null}]}"
202103-SR-34-00348;514668;Backlog, Creation;ENEDIS;DIT Grand Sud ;Occitanie;11/03/2022;11/03/2042;38,11 €;689,28 €;Oui;006260L;Réseau;COT Active;Réintégré Plateforme;615;;VIAS;732000-1;PK 449+055;CY 194;Eau ??;No;348;
202103-PO-72-00353;566184;Backlog, Creation;Orange;DIT Ouest Bretagne et Pays de la Loire;Pays de Loire;28/10/2022;27/10/2042;1 000,00 €;63,82 €;Non;;POC;COT Active;Réintégré Plateforme;;;CHAMPFLEUR;430000-1;PK 049+050 (PN 52);ZE 43 et ZD 129;Télécom ??;No;353;"{""type"":""FeatureCollection"",""features"":[{""type"":""Feature"",""id"":0,""geometry"":{""type"":""Polygon"",""coordinates"":[[[6.081548720532735,46.326543956669724],[6.080733328992208,46.32631872964757],[6.0813598932800215,46.325234070114305],[6.08244135982386,46.32561933446763],[6.081548720532735,46.326543956669724]]]},""properties"":null}]}"
202103-SR-93-00360;???;Backlog, Creation;YGEO;DIT Ile de France;Ile de France;29/10/2021;29/10/2041;1 000,00 €;4 574,16 €;Oui;000677J;Réseau;COT Active;Réintégré Plateforme;17-A227;;ROSNY-SOUS-BOIS;001 000;13+000;BD n°180;Gaz ?;No;360;
202103-SR-32-00365;500771;Backlog, Creation;ENEDIS;DIT Grand Sud;Occitanie;11/01/2022;11/01/2042;38,11 €;0,00 €;Non;;Réseau;COT Active;Réintégré Plateforme;17-A508;;SÉGOUFIELLE;648 000;PK 037+045;AK 18;Electricité ?;No;365;"{""type"":""FeatureCollection"",""features"":[{""type"":""Feature"",""id"":0,""geometry"":{""type"":""Polygon"",""coordinates"":[[[6.346345916357677,46.900578322675955],[6.346294418075558,46.89953735981217],[6.347873702547076,46.899974273380025],[6.347869411405554,46.900918463862126],[6.346345916357677,46.900578322675955]]]},""properties"":null}]}"
202103-SR-31-00369;563982;Backlog, Creation;Syndicat Départemental d’Energie de la Haute Garonne;DIT Grand Sud;Occitanie;22/11/2021;22/11/2041;1 000,00 €;1,11 €;Non;;Réseau;COT Active;Réintégré Plateforme;18-A551;;MONTASTRUC-LA-CONSEILLÈRE;718000-1;PK 379+139 (PN 59);C 565;Electricité ?;No;369;
202103-SR-82-00370;???;Backlog, Creation;ENEDIS;DIT Grand Sud;Occitanie;23/01/2023;22/01/2043;38,11 €;0,00 €;Non;;Réseau;COT Active;Réintégré Plateforme;18-A021;;MONTAUBAN;640000-1;PK 210+432;HR 298;Electricité ?;No;370;
202109-SR-26-00377;500342;Création Plateforme;Syndicat Irrigation Drômois (SIID);DIT AURA BFC;Auvergne Rhône-Alpes;02/11/2022;01/11/2042;1 604,41 €;72,71 €;Non;;Réseau;COT Active;;;;Crest;912000;014+700;ZR 2;Eau ??;No;377;"{""type"":""FeatureCollection"",""features"":[{""type"":""Feature"",""id"":0,""geometry"":{""type"":""Polygon"",""coordinates"":[[[4.986184765488764,44.733324098781935],[4.985991646369668,44.732173216174516],[4.986839224725694,44.732096997974736],[4.987043072684737,44.73323263875022],[4.986184765488764,44.733324098781935]]]},""properties"":null}]}"
202103-SR-31-00378;502329;Backlog, Creation;ENEDIS;DIT Grand Sud;Occitanie;12/01/2022;12/01/2042;38,11 €;0,00 €;Non;;Réseau;COT Active;Réintégré Plateforme;17-A538;;MIREMONT;672 000;PK entre 029+300 et 029+400;0C 208 - 0F 133;Electricité ?;No;378;
202103-SR-31-00383;???;Backlog, Creation;TEREGA;DIT Grand Sud;Occitanie;04/11/2021;04/11/2041;1 000,00 €;0,77 €;Non;;Réseau;COT Active;Réintégré Plateforme;17-A181;;Chaum;668 000;122+707;A 1372, A 1373 et A 1374;Gaz ?;No;383;"{""type"":""FeatureCollection"",""features"":[{""type"":""Feature"",""id"":0,""geometry"":{""type"":""Polygon"",""coordinates"":[[[-0.0952918454840983,48.956929734741976],[-0.09530257432015786,48.95631542135385],[-0.09449362014674988,48.95631964834945],[-0.09449791161569009,48.95694382440908],[-0.0952918454840983,48.956929734741976]]]},""properties"":null}]}"
202103-SR-31-00385;;Backlog, Creation;RTE;DIT Grand Sud;Occitanie;13/03/2023;12/03/2043;38,11 €;0,00 €;Non;;Réseau;COT Active;Réintégré Plateforme;19-A158;;CASTELNAU-D'ESTRÉTEFONDS;640 000;PK 234+285;0B 103;Electricité ?;No;385;
202103-SR-65-00387;;Backlog, Creation;RTE;DIT Grand Sud;Occitanie;10/03/2023;09/03/2043;38,11 €;0,00 €;Non;;Réseau;COT Active;Réintégré Plateforme;17-A019;;LANNEMEZAN;650000;117+723;0D 388;Electricité ?;No;387;
202103-SR-09-00388;594182;Backlog, Creation;TEREGA;DIT Grand Sud;Occitanie;26/02/2021;25/02/2041;1 000,00 €;11,10 €;Oui;003195V;Réseau;COT Active;;19-A050;;PAMIERS;672000;63+664;AK 065;Gaz ?;No;388;
202103-SR-82-00389;502450;Backlog, Creation;Montarbier Energies;DIT Grand Sud;Occitanie;17/11/2021;17/11/2041;1 000,00 €;0,00 €;Oui;004887D;Réseau;COT Active;Réintégré Plateforme;17-A262;;MONTBARTIER;64000-1;PK 218+316 (PN 175);0D 576, 0D 0717, OD 1589 et 0C 0043;Electricité ?, Télécom ??;No;389;"{""type"":""FeatureCollection"",""features"":[{""type"":""Feature"",""id"":0,""geometry"":{""type"":""Polygon"",""coordinates"":[[[6.345464322179338,45.654702643999144],[6.345681341969353,45.65456553687872],[6.345998405734223,45.65444142848136],[6.346246925929603,45.654348582488666],[6.346252509548694,45.654346111115075],[6.346257513897197,45.6543430937821],[6.346343344585675,45.65428309935416],[6.346350509405445,45.654276564559666],[6.3464320482975625,45.65417757339554],[6.346433887078897,45.654175091751426],[6.346564637411591,45.653977565524656],[6.346619315396436,45.653929791257355],[6.346655584038684,45.653925317420544],[6.346704095800583,45.65395244492939],[6.34670834922477,45.65395455254682],[6.3471203367913915,45.654134536693675],[6.347127799425522,45.65413715692358],[6.34713582702984,45.654138766193284],[6.347144142087926,45.654139308870015],[6.347217098042165,45.654139308870015],[6.347225212661107,45.65413879225733],[6.347233060228728,45.65413725942091],[6.347240382482338,45.65413476080616],[6.347246938447281,45.65413137864215],[6.347324186197877,45.65408338285485],[6.3473292736308435,45.65407965660381],[6.347491223963251,45.65393964420372],[6.3478976834635095,45.653640578573714],[6.347904925021008,45.65363349898976],[6.348003630443724,45.65350150955976],[6.348007519305669,45.65349423716867],[6.348049987133913,45.65336956044979],[6.348259665117392,45.65292687480519],[6.348259771515575,45.652926647265986],[6.3487258724362485,45.65191683194803],[6.34872774170075,45.65191081739039],[6.348727896427478,45.65190466348625],[6.3487263306703685,45.651898606726746],[6.348723104600591,45.65189287986976],[6.348718342194197,45.651887702995424],[6.348712226467794,45.651883275048164],[6.348704992445318,45.651879766191826],[6.348696918126194,45.65187731126986],[6.348688313801979,45.6518760046238],[6.348679510132029,45.65187589646729],[6.348670845436441,45.65187699095682],[6.348662652694608,45.651879246031655],[6.3486552467490025,45.65188257503041],[6.348648912205963,45.65188685002141],[6.3486438924984245,45.65189190671882],[6.348640380530934,45.65189755079655],[6.348174332188881,45.652907252550676],[6.34796410075619,45.65335110682372],[6.347963045971425,45.653353702739736],[6.347921426887072,45.653475887760266],[6.347828226110968,45.65360051641201],[6.347424860312034,45.65389730597025],[6.34742249639375,45.653899190550874],[6.347261742283657,45.65403816887164],[6.347200021102429,45.65407651768194],[6.347157023752656,45.65407651768194],[6.3467581741786,45.65390227293079],[6.346695840225668,45.65386741609552],[6.346687817847776,45.65386383315496],[6.346678895334595,45.653861512558734],[6.346669473531183,45.653860558560126],[6.346659975713272,45.65386101401768],[6.346587019759034,45.65387001334531],[6.346579212436358,45.65387149345116],[6.346571911546991,45.65387392841586],[6.346565353905545,45.65387723925787],[6.346559752218334,45.65388131858518],[6.346491087733037,45.65394131344354],[6.346485397222853,45.653947742547246],[6.346353199696132,45.65414745517131],[6.346275623437937,45.654241635609225],[6.3461987049578585,45.65429540057332],[6.345955672254336,45.654386196552394],[6.345954898546624,45.6543864924688],[6.345633033464837,45.65451248036908],[6.345624861632316,45.65451658163181],[6.345401701973243,45.654657567870544],[6.345397264019241,45.654660802879334],[6.344998151186858,45.65499676860489],[6.344993217315501,45.6550018661309],[6.344989801008843,45.65500753850972],[6.344988033553633,45.65501356775488],[6.344987982872182,45.65501972216575],[6.344989650912149,45.655025765231784],[6.344992973571696,45.65503146472142],[6.3449978231628785,45.65503660160658],[6.345004013318628,45.65504097847992],[6.345011306154729,45.65504442714075],[6.34501942141158,45.655046815059166],[6.345028047224414,45.65504805046896],[6.345036852108079,45.655048085894094],[6.345045497695835,45.655046919973245],[6.34505365174259,45.65504459751196],[6.345061000892903,45.65504120776103],[6.345067262723047,45.65503688098647],[6.345464322179338,45.654702643999144]]]},""properties"":null}]}"
202103-SR-82-00390;???;Backlog, Creation;ENEDIS;DIT Grand Sud;Occitanie;13/01/2023;12/01/2043;38,11 €;0,00 €;Non;;Réseau;COT Active;Réintégré Plateforme;17-A730;;MONTAUBAN;590000-2;PK 659+000 à 658+900;DI 464;Electricité ?;No;390;
202103-PO-12-00392;593726;Backlog, Creation;Alliance Très Haut Débit;DIT Grand Sud;Occitanie;21/12/2022;20/12/2042;1 000,00 €;67,06 €;Non;;POC;COT Active;Réintégré Plateforme;20-A011T;;GAILLAC-D'AVEYRON;725000-1;595+186 (PN 4);ZR 0004;Télécom ??;Yes;392;"{""type"":""FeatureCollection"",""features"":[{""type"":""Feature"",""id"":0,""geometry"":{""type"":""Polygon"",""coordinates"":[[[1.2909445837958626,43.418428256432975],[1.2907514647467904,43.41818823374524],[1.2915926054283773,43.417935741301335],[1.2918050365788076,43.418386174618746],[1.2909445837958626,43.418428256432975]]]},""properties"":null}]}"
202103-SR-12-00395;500629;Backlog, Creation;S,M,A,E,P de MONTBAZENS - RIGNAC;DIT Grand Sud ;Occitanie;07/12/2021;07/12/2041;1 000,00 €;311,25 €;Oui;003258X;Réseau;COT Active;Réintégré Plateforme;17-A172;;BOUILLAC;701000-1;PK 250+913;AH 479;Eau ??;No;395;"{""type"":""FeatureCollection"",""features"":[{""type"":""Feature"",""id"":0,""geometry"":{""type"":""Polygon"",""coordinates"":[[[0.21985007832336126,49.60581614812128],[0.21917201575342915,49.605337796819214],[0.22020627581150623,49.60479269354104],[0.22099591788355613,49.605426792951675],[0.21985007832336126,49.60581614812128]]]},""properties"":null}]}"
202103-SR-31-00399;563893;Backlog, Creation;Syndicat Départemental d’Energie de la Haute Garonne;DIT Grand Sud;Occitanie;22/11/2021;22/11/2041;1 000,00 €;0,00 €;Non;;Réseau;COT Active;Réintégré Plateforme;18-A882;;HUOS;650000-1;PK 101+900 et 100+800 (PN 110);A 1204;Electricité ?;No;399;
202103-SR-09-00400;???;Backlog, Creation;TEREGA;DIT Grand Sud;Occitanie;05/11/2020;04/11/2040;1 000,00 €;0,85 €;Non;;Réseau;COT Active;;19-A049;;Lissac;672000;43+285;ZD 008;Gaz ?;No;400;
202103-SR-25-00405;;Backlog, Creation;Société Française du Pipeline du Jura;;;23/10/2022;22/10/2042;1 000,00 €;59,61 €;;;Réseau;COT Active;Réintégré Plateforme;21239-00083;;FLANGEBOUCHE;872000-1   ;PK 455+238 (PN 36);D 154 et D 157;Gaz ?;No;405;
202103-SR-22-00437;592717;Backlog, Creation;Commune de Callac;DIT Ouest Bretagne et Pays de la Loire;Bretagne;03/01/2023;02/01/2043;1 000,00 €;1 938,21 €;Oui;002439X;Réseau;COT Active;Réintégré Plateforme;18-A246;;CALLAC (COTES D'ARMOR;485 000;Entre 537+827 et 537+927;AC 416;Eau ??;No;437;"{""type"":""FeatureCollection"",""features"":[{""type"":""Feature"",""id"":0,""geometry"":{""type"":""Polygon"",""coordinates"":[[[0.23060845211148262,46.680669133655556],[0.23019002750515938,46.68015756490303],[0.23202465847134587,46.67973800130369],[0.23260401561856267,46.68029005799437],[0.23071037605404854,46.680794264843314],[0.23060845211148262,46.680669133655556]]]},""properties"":null}]}"
202103-SR-69-00442;???;Création;;DIT AURA & BFC;Auvergne Rhône-Alpes;25/07/2022;24/07/2022;1 604,41 €;187,50 €;Non;;Réseau;COT Active;Réintégré Plateforme;;;IRIGNY;750000;548+300;BA 22;Eau ??;Yes;442;
202103-SR-40-00443;500069;Backlog, Creation;ENEDIS;DIT Nouvelle Aquitaine;Nouvelle Aquitaine;11/01/2022;11/01/2042;38,11 €;0,00 €;Oui;004150E;Réseau;COT Active;Réintégré Plateforme;20IAQ-A006;;Azurjanx;652 000;113+000;0D 156;Electricité ?;No;443;"{""type"":""FeatureCollection"",""features"":[{""type"":""Feature"",""id"":0,""geometry"":{""type"":""Polygon"",""coordinates"":[[[-0.541391735896468,44.855648247641795],[-0.5405817087739705,44.85539346209134],[-0.5390889756381512,44.85496374659411],[-0.5390728823840618,44.85541247597732],[-0.5411435477435589,44.85602471974991],[-0.541391735896468,44.855648247641795]]]},""properties"":null}]}"
202103-SR-40-00444;497285;Backlog, Creation;ENEDIS;DIT Nouvelle Aquitaine;Nouvelle Aquitaine;11/01/2022;11/01/2042;38,11 €;0,00 €;Non;;Réseau;COT Active;Réintégré Plateforme;20IAQ-A007;;Morcens;652 000;111+742 (PN 3);OC 337;Electricité ?;No;444;
202103-SR-40-00445;497268;Backlog, Creation;ENEDIS;DIT nouvelle Aquitaine;nouvelle Aquitaine;11/01/2022;11/01/2042;38,11 €;0,00 €;Non;;Réseau;COT Active;Réintégré Plateforme;20IAQ-A008;;"Morcenx
";655 000;104+601;0E 0009;Electricité ?;No;445;
202103-PO-59-00448;;Backlog, Creation;Métropole Européenne de Lille;DIT Nord Hauts de France;Hauts de France;24/04/2023;23/04/2043;1 000,00 €;184,32 €;Oui;007516X;Réseau;COT Active;;20-A033;;HALLENNES-LEZ-HAUBOURDIN;292 000;012+600 PN 17;A 116;Télécom ??;No;448;
202103-SR-52-00455;596217;Backlog, Creation;;DIT Grand  Est ;Grand Est;23/01/2023;22/01/2043;1 000,00 €;100,34 €;Non;;Réseau;COT Active;Réintégré Plateforme;;;Chateauvillain;840 000;011+100;XA 46;Eau ??;No;455;"{""type"":""FeatureCollection"",""features"":[{""type"":""Feature"",""id"":0,""geometry"":{""type"":""Polygon"",""coordinates"":[[[-0.43848467990756035,43.32658254943527],[-0.4390854947268963,43.326153287219455],[-0.4380340687930584,43.325474266247426],[-0.43728841468691826,43.32596987425683],[-0.43848467990756035,43.32658254943527]]]},""properties"":null}]}"
202103-SR-22-00501;501266;Avenant admin,, Backlog;Syndicat Mixte de portage du SAGE Rance Frémur baie de Beaussais (EPTB);DIT OUEST Bretagne Pays de la Loire;Bretagne;17/11/2021;17/11/2041;1 257,30 €;172,26 €;Non;;Réseau;COT Active;;13-B351 / 19-A427;;SAINT-SAMSON-SUR-RANCE;415000;159+281;A 765;Eau ??;No;501;
202103-PO-32-00505;;Backlog, Creation;Syndicat Mixte du Gers Numerique ;DIT Grand Sud;Occitanie;04/06/2021;03/06/2041;1 000,00 €;71,22 €;Non;;POC;COT Active;Réintégré Plateforme;20-A030T;;EAUZE;643 000;entre 190+900 et 191+500;AT 19;Télécom ??;No;505;
202110-SR-57-00509;519954;Création Plateforme;Réséda;DIT Grand Est;Grand Est;28/06/2022;28/06/2042;1 604,41 €;2,43 €;Oui;007974Y;Réseau;COT Active;;;;Moulins-lès-Metz;089000;348+600;18-30 et 18-29;Electricité ?;No;509;"{""type"":""FeatureCollection"",""features"":[{""type"":""Feature"",""id"":0,""geometry"":{""type"":""Polygon"",""coordinates"":[[[6.121178933592517,49.08861509248018],[6.121209546323192,49.08857484224532],[6.1210866244354,49.088534746193545],[6.120358637360851,49.08949191019556],[6.120328024630176,49.089532159686996],[6.120450946517968,49.0895722549333],[6.121178933592517,49.08861509248018]]]},""properties"":null}]}"
202103-SR-45-00515;497191;Création;SICAP Pithiviers;DIT OUEST Centre Val de Loire;Centre Val de Loire;24/11/2021;24/11/2041;1 604,41 €;1,20 €;Non;;Réseau;COT Active;Réintégré Plateforme;20-A22;;Escrennes;683000-1;PK 151+400 à 151+500;D 1331;Electricité ?;No;515;"{""type"":""FeatureCollection"",""features"":[{""type"":""Feature"",""id"":0,""geometry"":{""type"":""Polygon"",""coordinates"":[[[-0.9017974790185689,44.006119898118044],[-0.9019905980676411,44.00584980660918],[-0.9014622028917073,44.005720548094814],[-0.9013012703508139,44.00603115390081],[-0.9017974790185689,44.006119898118044]]]},""properties"":null}]}"
202103-SR-81-00516;???;Backlog, Creation;ENEDIS;DIT Grand Sud;Occitanie;13/12/2022;12/12/2042;38,11 €;0,00 €;Non;;Réseau;COT Active;Réintégré Plateforme;19-A608T;;MILHARS;718000;311+150 225;A 895 A 885;Electricité ?;No;516;
202103-SR-59-00517;520088;Backlog, Creation;GRT Gaz;DIT NORD Hauts de France;Haut De France;26/04/2022;26/04/2042;38,11 €;0,00 €;Non;;Réseau;COT Active;Réintégré Plateforme;20-A046 (17-A433);;FEIGNIES;247000-1;PK 229+271;BN 188 et 187;Gaz ?;No;517;
202104-SR-33-00526;515227;Backlog, Creation;RTE;DIT Nouvelle Aquitaine;Nouvelle Aquitaine;09/05/2022;09/05/2042;38,11 €;0,00 €;Oui;003873R;Réseau;COT Active;Réintégré Plateforme;16-A848;;BASSENS;583 000;Du 574+707 au 575+478; AO 59 - AD 401 - AN 252;Electricité ?;No;526;
202104-SR-33-00527;506231;Backlog, Creation;RTE;DIT Nouvelle Aquitaine;Nouvelle Aquitaine;09/03/2022;09/03/2042;38,11 €;0,00 €;Non;;Réseau;COT Active;Réintégré Plateforme;17-A815;;BIGANOS;655 000;039+773;AH 196;Electricité ?;No;527;"{""type"":""FeatureCollection"",""features"":[{""type"":""Feature"",""id"":0,""geometry"":{""type"":""Polygon"",""coordinates"":[[[-0.09225583635270594,43.65726366619535],[-0.09260988794267178,43.65698616967006],[-0.09204125963151454,43.65655536832767],[-0.09162551723420619,43.65680763975908],[-0.09225583635270594,43.65726366619535]]]},""properties"":null}]}"
202104-SR-68-00528;497567;Backlog, Creation;GRDF;DIT grand Est;Grand Est;11/01/2022;11/01/2042;38,11 €;0,00 €;Oui;001345G;Réseau;COT Active;Réintégré Plateforme;;;Oberhergheim;121 000;014+600 (PN 29);28 119;Gaz ?;No;528;
202104-SR-24-00529;500544;Backlog, Creation;Commune de Neuvic sur l'isle;DIT Nouvelle Aquitaine;Nouvelle Aquitaine;30/11/2021;30/11/2041;1 000,00 €;95,56 €;Oui;003705N;Réseau;COT Active;Réintégré Plateforme;20IAQ-A011;;Neuvic sur l’Isle;621 000;050+800;AB 4;Eau ??;No;529;
202104-64-SR-00532;523123;Backlog, Creation;Communauté d’Agglomération Pau Béarn Pyrénées (CAPBP);DIT Nouvelle Aquitaine;Nouvelle Aquitaine;16/12/2021;16/12/2041;1 000,00 €;323,24 €;Non;;Réseau;COT Active;Réintégré Plateforme;20IAQ-A002;;BILLERE;650000-1;PK 218+520;AK 832;Gaz ?;No;532;
202104-SR-24-00536;506271;Backlog, Creation;ENEDIS;DIT Nouvelle Aquitaine;Nouvelle Aquitaine;07/03/2022;07/03/2042;38,11 €;0,00 €;Non;;Réseau;COT Active;Réintégré Plateforme;19-A278;;Chancelade;611 000;496+562;AR 324;Electricité ?;No;536;"{""type"":""FeatureCollection"",""features"":[{""type"":""Feature"",""id"":0,""geometry"":{""type"":""Polygon"",""coordinates"":[[[1.6060505993664267,50.06516625857046],[1.6061042435467245,50.064715157249395],[1.6099451668560505,50.06503540518895],[1.6097788698971274,50.06551060786862],[1.6060505993664267,50.06516625857046]]]},""properties"":null}]}"
202104-PO-78-00601;519968;Backlog, Creation;Orange;DIT Ile de France;Ile de France;18/05/2022;18/05/2042;1 000,00 €;1 893,84 €;Oui;005181T;POC;COT Active;Réintégré Plateforme;18-A668;;Saint Germain En Laye;338 000;entre 019+970 et 020+070;0A 1428 et 0A 1090;Télécom ??;No;601;
202104-SR-60-00603;493773;Renouvellement;Saverglass;DIT Nord Hauts de France;Haut De France;14/02/2022;14/02/2042;1 257,30 €;1,22 €;Non;;Réseau;COT Active;;15-A600;;Feuquieres;325000;118+923;0A 1805;Electricité ?;No;603;
202104-SR-40-00665;;Backlog, Creation;ENEDIS;DIT Nouvelle Aquitaine;Nouvelle Aquitaine;13/03/2023;12/03/2043;38,11 €;0,00 €;Oui;004186J;Réseau;COT Active;Réintégré Plateforme;18-A737;;Rivière-Saas-Et-Gourby;655 000;157+178 (PN 98);OF 221;Electricité ?;No;665;"{""type"":""FeatureCollection"",""features"":[{""type"":""Feature"",""id"":0,""geometry"":{""type"":""Polygon"",""coordinates"":[[[1.5908907540142536,43.46780865047111],[1.5905045159161093,43.46738817418316],[1.5943776257336142,43.46567898582987],[1.5949247963726523,43.46625910301222],[1.591062415391207,43.46798774133515],[1.5908907540142536,43.46780865047111]]]},""properties"":null}]}"
202104-SR-24-00666;465273;Backlog, Creation;Syndicat Mixte des Eaux de la Dordogne;DIT Nouvelle Aquitaine;Nouvelle Aquitaine;04/11/2021;04/11/2041;1 000,00 €;72,36 €;Oui;107539B;Réseau;COT Active;Réintégré Plateforme;19-A229;;Saint-Pierre-De-Frugie;611 000;442+740 (PN 252);D 62 et C 1003;Eau ??;No;666;
202105-SR-51-00672;566188;Backlog, Creation;Communauté Urbain du Grand Reims;DIT Grand Est;Grand Est;26/10/2022;25/10/2042;1 000,00 €;35,58 €;Non;;Réseau;COT Active;Réintégré Plateforme;18-A629;;Reims;005 315;001+270;HI 218;Eau ??;No;672;
202105-SR-02-00673;;Backlog, Creation;;;;03/03/2023;02/03/2043;38,11 €;0,00 €;;;Réseau;COT Active;Réintégré Plateforme;18-A143;;Château-Thierry;005 000;sans objet;ZL 71 et 95;Electricité ?;No;673;
202105-SR-51-00674;522852;Backlog, Creation;Syndicat intercommunal d’Energie de la Marne (SIEM51);DIT Grand EST ;Grand Est;26/02/2019;25/02/2039;1 000,00 €;1,11 €;Non;;Réseau;COT Active;Réintégré Plateforme;18-A808;;Puisieulx;005 000;Entre 122+382 au 122+515;ZC 30;Electricité ?;No;674;"{""type"":""FeatureCollection"",""features"":[{""type"":""Feature"",""id"":0,""geometry"":{""type"":""Polygon"",""coordinates"":[[[2.3843664675951004,44.89899100477311],[2.3843879252672195,44.89765342523239],[2.3889154940843578,44.89722782521693],[2.3888511210680003,44.89864141312387],[2.3843664675951004,44.89899100477311]]]},""properties"":null}]}"
202105-SR-51-00675;522850;Backlog, Creation;SIEM 51;DIT Grand Est;Grand Est;22/02/2019;21/02/2039;1 000,00 €;0,00 €;Non;;Réseau;COT Active;Réintégré Plateforme;18-A652;;Val De Vesle;005 000;129+782 au 129+819;OX 131 -133;Electricité ?;No;675;
202105-PO-02-00676;564155;Backlog, Creation;Orange;DIT Nord Hauts de France;Hauts de France;19/08/2022;17/08/2042;1 000,00 €;1 584,73 €;Non;;POC;COT Active;Réintégré Plateforme;19-A228;;Château-Thierry;005 000;entre 063+565 et 063+673;ZL 70 -71-74 ET ZM 99-109-172;Télécom ??;No;676;
202105-PO-02-00678;;Backlog, Creation;Orange;DIT NORD Hauts de France;Hauts de France;19/08/2022;18/08/2042;1 000,00 €;1 123,61 €;Non;;POC;COT Active;;19-A227;;Verdilly ;005 000;entre 64+317 au 64+660;ZA 29-91-85-90-88-25;Télécom ??;No;678;
202105-SR-54-00679;522427;Backlog, Creation;ENEDIS;DIT Grand Est;Grand Est;23/03/2022;23/03/2042;38,11 €;0,00 €;Non;;Réseau;COT Active;Réintégré Plateforme;19-A355;;Thiaucourt Regnieville;005 000;entre 257+824 au 258+098;ZE 106;Electricité ?;No;679;
202105-SR-64-00682;;Backlog, Creation;ENEDIS;;;;;38,11 €;0,00 €;;;Réseau;COT Active;Réintégré Plateforme;19-A243;;Urrugne;655 000;225+058 (PN 142);AT 22;Electricité ?;No;682;
202105-PO-40-00683;515587;Backlog, Creation;SYDEC 40;DIT Nouvelle Aquitaine;Nouvelle Aquitaine;12/01/2022;12/01/2042;1 000,00 €;57,52 €;Non;;POC;COT Active;Réintégré Plateforme;19-A263;;Morcenx; 652 0000;111+738 (PN 3-2);C 337;Télécom ??;No;683;"{""type"":""FeatureCollection"",""features"":[{""type"":""Feature"",""id"":0,""geometry"":{""type"":""Polygon"",""coordinates"":[[[0.9538263827562332,47.76930106829465],[0.9551782160997392,47.76785884078856],[0.959920361638069,47.769589508996745],[0.9626240283250809,47.77312277777176],[0.9605640918016433,47.77372845688697],[0.95790334045887,47.77091631562217],[0.9538263827562332,47.76930106829465]]]},""properties"":null}]}"
202105-SR-64-00690;509442;Backlog, Creation;ENEDIS;DIT Nouvelle Aquitaine;Nouvelle Aquitaine;07/11/2019;07/11/2039;38,11 €;0,00 €;Non;;Réseau;COT Active;Réintégré Plateforme;18-A655;ENEDIS;Saint Jean Pied de Fort;660 000;249+100 (PN 48);A 1589;Electricité ?;No;690;
202105-SR-01-00692;???;Backlog, Creation;Régie des Eaux gessiennes;DIT Auvergnes Rhone Alpes Bourgogne Franches Comté;Auvergnes Rhone Alpes;22/11/2021;22/11/2041;1 000,00 €;88,70 €;Non;;Réseau;COT Active;Réintégré Plateforme;12-B439;;DIVONNE-LES-BAINS;891 000;178+896 (PN 49);entre AV 100 et AV 103;Eau ??;No;692;"{""type"":""FeatureCollection"",""features"":[{""type"":""Feature"",""id"":0,""geometry"":{""type"":""Polygon"",""coordinates"":[[[3.2198259606957427,46.97001836185015],[3.2204160466790195,46.97061137199921],[3.223945833742618,46.96819536355255],[3.222980238497257,46.967536433217674],[3.219675756990909,46.96987925975205],[3.2198259606957427,46.97001836185015]]]},""properties"":null}]}"
202105-SR-01-00693;???;Backlog, Creation;La Régie des Eaux Gessiennes (REOGES);DIT Auvergnes Rhone Alpes Bourgogne Franches Comté;Auvergnes Rhone Alpes;22/11/2021;22/11/2041;1 000,00 €;171,86 €;Oui;005390U;Réseau;COT Active;Réintégré Plateforme;19-A081;;CHEVRY;891 000;165+379 (PN 32);B 885;Eau ??;No;693;
202105-SR-40-00694;502291;Backlog, Creation;SYDEC;DIT Nouvelle Aquitaine;Nouvelle Aquitaine;10/12/2021;10/12/2041;1 000,00 €;80,07 €;Oui;107600Z;Réseau;COT Active;;18-A679;;MORCENX; 655000-1;PK 111+746 (PN 66);G 322 - G 232;Eau ??, Télécom ??;No;694;
202105-SR-48-00700;555657;Création;RTE;DIT Grand Sud;Languedoc Roussillon;29/08/2022;28/08/2042;38,11 €;0,00 €;Oui;UT 006599V, T 001;Réseau;COT Active;Réintégré Plateforme;;;BOURGS SUR COLAGNE;722 000;PK entre 614+900 et 615+100;B 1395;Electricité ?;No;700;
202105-SR-45-00701;506265;Création;ENEDIS;DIT OUEST Centre Val de Loire;Centre Val de Loire;07/03/2022;07/03/2042;38,11 €;0,00 €;Non;;Réseau;COT Active;Réintégré Plateforme;;DA28/034174;POILLY LEZ GIEN;685 000;PK 005+800;AO 210;Electricité ?;No;701;"{""type"":""FeatureCollection"",""features"":[{""type"":""Feature"",""id"":0,""geometry"":{""type"":""Polygon"",""coordinates"":[[[2.5152800604701038,46.35749866559627],[2.516819648444652,46.35778744331009],[2.517801336944103,46.35568451428114],[2.516299299895763,46.35534759383427],[2.5152800604701038,46.35749866559627]]]},""properties"":null}]}"
202105-SR-05-00705;506341;Backlog, Creation;ENEDIS;DIT Grand Sud;PACA;03/03/2022;03/03/2042;38,11 €;0,00 €;Non;;Réseau;COT Active;Réintégré Plateforme;17-A613;DC25/014617;SAINT-JULIEN-EN-BEAUCHÊNE;905 000;PK 216+600;ZE 28;Electricité ?;No;705;
202105-SR-26-00742;566650;Création;Enedis;DIT Auvergne Rhone Alpes BFC;Auvergne Rhône Alpes;01/10/2022;30/09/2042;38,11 €;16 800,00 €;Non;;Réseau;COT Active;Réintégré Plateforme;;;Montélier;752000;entre 500+000  et 500+100;YL 34 et YK 106;Electricité ?;No;742;
202105-SR-25-00749;502345;Création;Communauté de Communes du Grand Pontarlier;DIT Auvergne Rhône Alpes Bourgogne Franche Comté;Bourgogne Franche Comté;25/10/2021;25/10/2041;1 604,41 €;205,46 €;Oui;005993R;Réseau;COT Active;Réintégré Plateforme;;;Pontarlier;875000-1;PK 452+700 à 452+800;AR 203;Eau ??;No;749;"{""type"":""FeatureCollection"",""features"":[{""type"":""Feature"",""id"":0,""geometry"":{""type"":""Polygon"",""coordinates"":[[[3.3605371601879597,46.44518723549564],[3.3615510351955895,46.445083737804964],[3.3611594326794147,46.44383435731089],[3.3601992018520837,46.44390828594834],[3.3605371601879597,46.44518723549564]]]},""properties"":null}]}"
202105-SR-80-00773;465209;Backlog, Creation;Enertrag Santerre IV;DIT NORD Hauts de France;Haut de France;09/11/2021;09/11/2041;1 000,00 €;65,02 €;Non;;Réseau;COT Active;Réintégré Plateforme;20-A017;;FRESNOY-LÈS-ROYE;259 000 (2);123+078;ZC 21;Electricité ?, Télécom ??;No;773;"{""type"":""FeatureCollection"",""features"":[{""type"":""Feature"",""id"":0,""geometry"":{""type"":""Polygon"",""coordinates"":[[[2.0911541480853084,48.99566766698371],[2.091370967870722,48.99587045855421],[2.0915781860729536,48.99606426810337],[2.0909873991901526,48.99633618304688],[2.090528057693562,48.99590655365631],[2.0904761024789886,48.99583469419383],[2.090331266497877,48.99549680420213],[2.0902335788187423,48.99526890590536],[2.0909282603183525,48.995140713278346],[2.0911541480853084,48.99566766698371]]]},""properties"":null}]}"
202105-SR-80-00774;465201;Backlog, Creation;Enertrag Santerre V;DIT NORD Hauts de France;Haut De France;09/11/2021;09/11/2041;1 000,00 €;65,02 €;Non;;Réseau;COT Active;Réintégré Plateforme;20-A018;;FRESNOY-LÈS-ROYE;259 000 (2);123+078 (PN 80);ZC 21;Electricité ?, Télécom ??;No;774;
202105-SR-80-00780;519737;Backlog, Creation;ENEDIS;DIT NORD Hauts de France;Haut de France;17/03/2022;17/03/2042;38,11 €;0,00 €;Non;;Réseau;COT Active;Réintégré Plateforme;20-A020;;FRESNES-MAZANCOURT;259000-2;PK 138+810;ZL 11;Electricité ?;No;780;
202105-SR-33-00782;;Création;PLAINE DE GARONNE ENERGIES;DIT Nouvelle Aquitaine;Nouvelle Aquitaine;08/07/2022;07/07/2042;1 604,41 €;573,72 €;Oui;003888M;Réseau;COT Active;Réintégré Plateforme;;;BORDEAUX;570000 (3);du 581+602 au 581+680;AR 20;Eau ??, Télécom ??;No;782;"{""type"":""FeatureCollection"",""features"":[{""type"":""Feature"",""id"":0,""geometry"":{""type"":""Polygon"",""coordinates"":[[[3.719631303101777,43.41794236536845],[3.721830714493989,43.41836708192602],[3.722259867936372,43.41749816321271],[3.7197278626263137,43.417014992255645],[3.719631303101777,43.41794236536845]]]},""properties"":null}]}"
202105-SR-43-00791;???;Création;Commune de St Georges d’Aurac;DIT Auvergne Rhône Alpes Bourgogne Franche Comté;Auvergne Rhône Alpes;23/05/2022;23/05/2042;1 604,41 €;38,78 €;Non;;Réseau;COT Active;Réintégré Plateforme;;;SAINT GEORGES D’AURAC;798 000;005+367 (PRA);C 685;Eau ??;No;791;"{""type"":""FeatureCollection"",""features"":[{""type"":""Feature"",""id"":0,""geometry"":{""type"":""Polygon"",""coordinates"":[[[-0.5214507691562177,44.72802337569664],[-0.5209626071155071,44.72761938925527],[-0.5193961970508099,44.728667461451835],[-0.5199862830340863,44.72915528494289],[-0.521541964262724,44.728076732185514],[-0.5214507691562177,44.72802337569664]]]},""properties"":null}]}"
202106-SR-15-00806;566661;Backlog, Creation;DREAL Auvergne Rhône-Alpes;DIT Auvergne Rhône Alpes Franche Comté;Auvergne-Rhône-Alpes;17/10/2022;16/10/2042;1 000,00 €;233,93 €;Non;;Réseau;COT Active;Réintégré Plateforme;16-A236;;YTRAC;720 000;entre 297+400 à 297+700  ;AB 20;Eau ??;No;806;"{""type"":""FeatureCollection"",""features"":[{""type"":""Feature"",""id"":0,""geometry"":{""type"":""Polygon"",""coordinates"":[[[5.251204837113618,46.19565108326205],[5.251617897301911,46.19538372938979],[5.253323782235383,46.19579961262903],[5.252996552735566,46.19613380223694],[5.251204837113618,46.19565108326205]]]},""properties"":null}]}"
202106-SR-48-00820;506343;Création;ENEDIS;Grand Sud;Occitanie;15/03/2022;15/03/2042;38,11 €;0,00 €;Non;;Réseau;COT Active;Réintégré Plateforme;;;Prévenchères;790000-1;PK 613+611;A 642;Electricité ?;No;820;
202106-SR-48-00854;502590;Avenant admin,;Alliance Très Haut Débit;DIT Grand Sud;Occitanie;18/11/2018;18/11/2038;1 257,30 €;58,30 €;Non;;Réseau;COT Active;;12-A026;;Chanac;723000;624+458;A 333;Télécom ??;No;854;"{""type"":""FeatureCollection"",""features"":[{""type"":""Feature"",""id"":0,""geometry"":{""type"":""Polygon"",""coordinates"":[[[0.37847310304641724,43.00458043692424],[0.3790149092674256,43.00458043692424],[0.3790631890296936,43.00281506403678],[0.37832826375961304,43.002791525388915],[0.37847310304641724,43.00458043692424]]]},""properties"":null}]}"
202106-SR-48-00855;502587;Avenant admin,;Alliance Très Haut Débit;DIT Grand Sud;Occitanie;18/11/2018;18/11/2038;1 257,30 €;218,64 €;Non;;Réseau;COT Active;;12-A125;;Badaroux;723000;653+063;AI 27;Télécom ??;No;855;
202106-SR-48-00856;502455;Avenant admin,;Alliance Très Haut Débit;DIT Grand Sud;Occitanie;18/11/2018;18/11/2038;1 257,30 €;97,17 €;Non;;Réseau;COT Active;;13-A752;;Saint-Chely-d’Apcher;722000;651+806 (PN117);ZR 47;Télécom ??;No;856;
202106-SR-12-00857;503593;Avenant admin,;Alliance Très Haut Débit;DIT Grand Sud;Occitanie;18/11/2018;18/11/2038;1 257,30 €;48,59 €;Oui;005676Y;Réseau;COT Active;;15-A122;; Saint Georges de Luzencon;722000;538+180;AB 416;Télécom ??;No;857;"{""type"":""FeatureCollection"",""features"":[{""type"":""Feature"",""id"":0,""geometry"":{""type"":""Polygon"",""coordinates"":[[[5.296365022659301,48.711339186044114],[5.297631025314331,48.71131086821856],[5.297352075576782,48.708025892303084],[5.296279191970825,48.70816749051522],[5.296365022659301,48.711339186044114]]]},""properties"":null}]}"
202106-SR-24-00874;562963;Backlog, Creation;SMDE 24;DIT Nouvelle Aquitaine;Nouvelle Aquitaine;13/10/2021;12/10/2041;1 000,00 €;56,37 €;Oui;003670A;Réseau;COT Active;Réintégré Plateforme;16-A485;;CHALAIS;611 000 ;453+22 (PN 262);AH 409;Eau ??;No;874;
202106-SR-47-00900;520075;Backlog, Creation;Syndicat des eaux de la lémance;DIT Nouvelle Aquitaine;Nouvelle Aquitaine;03/12/2021;03/12/2041;1 000,00 €;31,01 €;Non;;Réseau;COT Active;Réintégré Plateforme;18-A064;;SAUVETERRE-LA-LÉMANCE;631000-1;PK 591+743 (PN 346);A 623;Eau ??;No;900;
202106-SR-40-00910;502298;Backlog, Creation;SYDEC;DIT Nouvelle Aquitaine;Nouvelle Aquitaine;31/01/2022;31/01/2042;1 000,00 €;115,37 €;Non;;Réseau;COT Active;Réintégré Plateforme;18-A602;;HABAS;650 000 (1);274+023 (PN 305);0D 483;Eau ??;No;910;
202106-SR-64-00916;502233;Backlog, Creation;COMMUNAUTÉ D'AGGLO PAYS BASQUE;DIT Nouvelle Aquitaine;Nouvelle Aquitaine;03/12/2021;03/12/2041;1 000,00 €;304,17 €;Oui;004580S;Réseau;COT Active;Réintégré Plateforme;18-A811;;BAYONNE;655000-1;PK 196+700;BK 14;Eau ??, Télécom ??;No;916;
202106-SR-32-00924;;Backlog, Creation;ENEDIS;DIT Grand Sud;Occitanie;06/03/2020;05/03/2040;38,11 €;0,00 €;Non;;Réseau;COT Active;Réintégré Plateforme;19-A184;;Barcelone-du-Gers;652 000;181+416;AC 0027;Electricité ?;No;924;
202106-SR-40-00925;;Backlog, Creation;ENEDIS;DIT Nouvelle Aquitaine;Nouvelle Aquitaine;13/03/2023;12/03/2043;38,11 €;0,00 €;Non;;Réseau;COT Active;Réintégré Plateforme;19-A191;;Saint-Geours-De-Maremne;655 000;163+841 (PN 104);BT 0024;Electricité ?;No;925;
202106-SR-40-00926;504610;Backlog, Creation;ENEDIS;DIT Nouvelle Aquitaine;Nouvelle Aquitaine;07/03/2022;07/03/2042;38,11 €;0,00 €;Non;;Réseau;COT Active;Réintégré Plateforme;19-A216;;Rion des Landes;655 000;118+730 (PN 70);0B 0889;Electricité ?;No;926;"{""type"":""FeatureCollection"",""features"":[{""type"":""Feature"",""id"":0,""geometry"":{""type"":""Polygon"",""coordinates"":[[[-1.511719822883606,47.24229116142544],[-1.5111082792282107,47.24212363371802],[-1.5116339921951294,47.24084894902913],[-1.5123313665390015,47.24100919678975],[-1.511719822883606,47.24229116142544]]]},""properties"":null}]}"
202106-SR-32-00940;???;Backlog, Creation;Commune de Riscle;DIT Grand Sud ;Occitanie;25/11/2021;25/11/2041;1 000,00 €;119,81 €;Non;;Réseau;COT Active;Réintégré Plateforme;18-A339 ;;Riscle;652 000;193+870;AI 213 non ferroviaire;Eau ??;No;940;
202106-SR-57-01016;519721;Création;Réséda;DIT Grand Est;Grand Est;28/06/2022;28/06/2042;1 604,41 €;4,81 €;Non;;Réseau;COT Active;Réintégré Plateforme;;;Montigny les Metz;099000;004+500;"33 345 ; 43 365 ; 43 301 ; 43 33";Electricité ?;No;1016;"{""type"":""FeatureCollection"",""features"":[{""type"":""Feature"",""id"":0,""geometry"":{""type"":""Polygon"",""coordinates"":[[[-0.4012677725404501,43.30198873951403],[-0.40107465349137783,43.30216051305382],[-0.3995806630700827,43.301258696555436],[-0.39974427781999117,43.3010791124521],[-0.4012677725404501,43.30198873951403]]]},""properties"":null}]}"
202106-SR-31-01053;594150;Avenant admin,;Toulouse Métropole;DIT Grand Sud;Occitanie;20/10/2014;19/10/2034;1 257,30 €;41,02 €;Non;;Réseau;COT Active;;13-A543;;Brax;648000;26+108 (PN34);AC 103;Télécom ??;No;1053;
202106-SR-31-01054;594146;Avenant admin,;Toulouse Métropole;DIT Grand Sud;Occitanie;20/10/2014;19/10/2034;1 257,30 €;43,95 €;Non;;Réseau;COT Active;;13-A545;;PIBRAC;648000;22+745 (PN29);AM 401;Télécom ??;No;1054;
202106-SR-31-01055;594143;Avenant admin,;Toulouse Métropole;DIT Grand Sud;Occitanie;30/03/2015;29/03/2035;1 257,30 €;48,99 €;Non;;Réseau;COT Active;;17-A591;;Toulouse;648000;11+306;BE 002;Télécom ??;No;1055;"{""type"":""FeatureCollection"",""features"":[{""type"":""Feature"",""id"":0,""geometry"":{""type"":""Polygon"",""coordinates"":[[[2.8168961405754085,44.3809791567362],[2.8166761994361877,44.38076828768112],[2.8176632523536678,44.3801778502864],[2.817877829074859,44.38046540170944],[2.8168961405754085,44.3809791567362]]]},""properties"":null}]}"
202106-SR-31-01056;594134;Avenant admin,;Toulouse Métropole;DIT Grand Sud;Occitanie;30/03/2015;29/03/2035;1 257,30 €;0,81 €;Oui;;Réseau;COT Active;;17-A595;;Toulouse;650000;6+967 (PN5);BN 001;Télécom ??;No;1056;
202110-SR-76-01058;504702;Création Plateforme;Caux Seine agglo;DIT HdF Normandie;Normandie;30/05/2022;30/05/2042;1 604,41 €;1 357,27 €;Non;;Réseau;COT Active;;;;Rives en seine;351000;de 181+500 à 181+700;659-AK-309;Eau ??;No;1058;"{""type"":""FeatureCollection"",""features"":[{""type"":""Feature"",""id"":0,""geometry"":{""type"":""Polygon"",""coordinates"":[[[0.7838970422744752,49.505739439795434],[0.7841330766677856,49.50581607678353],[0.7862788438796997,49.503572653456246],[0.7860642671585083,49.50344027433172],[0.7838970422744752,49.505739439795434]]]},""properties"":null}]}"
202106-SR-09-01058;517612 / 514548;Backlog, Creation;TEREGA;DIT Grand Sud ;Occitanie;01/06/2021;01/06/2041;1 000,00 €;28,37 €;Oui;018734T;Réseau;COT Active;Réintégré Plateforme;19-A623;;Foix ;672000-1;PK 081+140;A 3871 - B 1318;Gaz ?;No;1058;"{""type"":""FeatureCollection"",""features"":[{""type"":""Feature"",""id"":0,""geometry"":{""type"":""Polygon"",""coordinates"":[[[0.7838970422744752,49.505739439795434],[0.7841330766677856,49.50581607678353],[0.7862788438796997,49.503572653456246],[0.7860642671585083,49.50344027433172],[0.7838970422744752,49.505739439795434]]]},""properties"":null}]}"
202106-PO-71-01059;593742;Création;Département de la Saone-et-Loire;DIT Auvergne Rhone Alpes BFC;Bourgogne-Franche-Comté;02/12/2022;01/12/2042;1 604,41 €;42,11 €;Non;;POC;COT Active;Réintégré Plateforme;;;Cluny;752000;sans objet;ZA 27;Télécom ??;No;1059;
202106-PO-71-01061;593747;Création;Département de la Saone-et-Loire;DIT Auvergne Rhone Alpes BFC;Bourgogne-Franche-Comté;02/12/2022;01/12/2042;1 604,41 €;74,50 €;Non;;POC;COT Active;Réintégré Plateforme;;;Jalogny;752000;316+400 (sans objet);B 204 et B 236;Télécom ??;No;1061;
202106-SR-11-01074;;Backlog, Creation;ENEDIS;DIT Grand Sud;Occitanie;13/03/2023;12/03/2043;38,11 €;0,00 €;Non;;Réseau;COT Active;Réintégré Plateforme;17-A487;;Bram;640 000;323+737;BZ 15;Electricité ?;No;1074;
202106-SR-54-01084;496580;Avenant admin,;COMMUNAUTE DE COMMUNES DU BASSIN DE POMPEY;DIT Grand  Est;Grand  Est;25/10/2021;25/10/2041;1 257,30 €;950,61 €;Oui;000411W;Réseau;COT Active;;COT n° 231506;;Champigneulles;070000;347+571;AK 123;Eau ??;No;1084;
202106-SR-05-01086;594270;Avenant admin,;XP FIBRE;DIT Grand Sud;PACA;23/12/2019;22/12/2039;1 257,30 €;160,94 €;Non;;Réseau;COT Active;;13-B395;;Montgardin;915000;279+890 PN 29;A 564;Télécom ??;No;1086;
202106-SR-05-01087;594279;Avenant admin,;XP FIBRE;DIT Grand Sud;PACA;23/12/2019;22/12/2039;1 257,30 €;83,82 €;Oui;005535P;Réseau;COT Active;;13-B396;;Chabestan;905000;247+764;A 725;Télécom ??;No;1087;
202106-SR-05-01088;594262;Avenant admin,;XP Fibre;DIT Grand Sud;PACA;23/12/2019;22/12/2039;1 257,30 €;164,29 €;Non;;Réseau;COT Active;;13-B397;;La batie-Montsaleon;905000;249+727 (PN49);ZK 85;Télécom ??;No;1088;"{""type"":""FeatureCollection"",""features"":[{""type"":""Feature"",""id"":0,""geometry"":{""type"":""Polygon"",""coordinates"":[[[-0.2343431767076254,44.92555375083202],[-0.2346194442361593,44.92385785548109],[-0.23358142934739587,44.9244029023356],[-0.23330784402787685,44.925390430502006],[-0.2343431767076254,44.92555375083202]]]},""properties"":null}]}"
202106-SR-50-01089;506288;Création;ENEDIS;DIT NORD Normandie;Normandie;11/03/2022;11/03/2042;38,11 €;0,00 €;Non;;Réseau;COT Active;Réintégré Plateforme;;;Cerences;415 000;entre 065+000 et 065+200 – PN n° 53;0E 0086;Electricité ?;No;1089;
202106-PO-49-01091;520122;Création;Anjou fibre;DIT Centre - Ouest;Pays de Loire;01/04/2022;01/04/2042;1 604,41 €;174,91 €;Non;;POC;COT Active;Réintégré Plateforme;;;VIVY;510 000 (1);043+184 (PN 55);ZT 0035;Télécom ??;No;1091;"{""type"":""FeatureCollection"",""features"":[{""type"":""Feature"",""id"":0,""geometry"":{""type"":""Polygon"",""coordinates"":[[[-0.2343149296939373,44.92550437496726],[-0.23442758247256276,44.92488527398393],[-0.23350490257143972,44.92478272287016],[-0.23332787677645683,44.92537903604307],[-0.2343149296939373,44.92550437496726]]]},""properties"":null}]}"
202106-PO-49-01092;511171;Création;Anjou Fibre;DIT Centre Ouest;Pays de Loire;01/04/2022;01/04/2042;1 604,41 €;181,39 €;Non;;POC;COT Active;Réintégré Plateforme;;;La Jumelliere;523 000 ;14+258 (PN 4);E 1152;Télécom ??;No;1092;
202106-PO-49-01093;520125;Création;Anjou Fibre;DIT Centre - Ouest;Pays de Loire;01/04/2022;01/04/2042;1 604,41 €;116,61 €;Non;;POC;COT Active;Réintégré Plateforme;;;Blou;500 000;274+093 (PN 188);C 1867;Télécom ??;No;1093;
202106-SR-57-01094;519956;Création;Réséda;DIT Grand Est;Grand Est;01/07/2022;01/07/2042;1 604,41 €;48,76 €;Non;;Réseau;COT Active;;;;Metz;191300;Du 001+400 au 002+300;SC 215;Electricité ?;No;1094;"{""type"":""FeatureCollection"",""features"":[{""type"":""Feature"",""id"":0,""geometry"":{""type"":""Polygon"",""coordinates"":[[[2.22831798,50.704628490000005],[2.22876859,50.70460130999999],[2.22819997,50.70606215999999],[2.22777081,50.70599422000001],[2.22831798,50.704628490000005]]]},""properties"":null}]}"
202106-SR-24-01104;594545;Avenant admin,;SAS Tomates d’Aquitaine;DIT Nouvelle Aquitaine;Nouvelle Aquitaine;16/01/2023;15/01/2043;1 257,30 €;113,01 €;Non;;Réseau;COT Active;;COT n° 17607;;Bergerac;629000;604+242;CI 163;Eau ??;No;1104;
202107-SR-51-01120;595706;Création;Communauté urbaine du Grand Reims;DIT Grand Est;Grand Est;18/10/2021;16/10/2041;1 604,41 €;1 430,82 €;Non;;Réseau;COT Active;Réintégré Plateforme;;;Villers aux Noeuds;Sans objet;Sans objet;Z 406, 288, 290, 293, 294 et 295;Eau ??;No;1120;
202111-SR-44-01163;504462;Création Plateforme;ENEDIS;DIT Centre - Ouest;Pays De Loire;01/03/2022;01/03/2042;38,11 €;0,00 €;Non;;Réseau;COT Active;;;;Carquefou;457000;384+200;BB 30;Electricité ?;No;1163;"{""type"":""FeatureCollection"",""features"":[{""type"":""Feature"",""id"":0,""geometry"":{""type"":""Polygon"",""coordinates"":[[[-1.4934393941574606,47.27491115433577],[-1.4935788780093877,47.27466365092363],[-1.4916262298465461,47.27392843147814],[-1.4912829070926397,47.274270564569974],[-1.4932570129276002,47.27504217576367],[-1.4934393941574606,47.27491115433577]]]},""properties"":null}]}"
202107-SR-01-01188;521520;Création;Régie des eaux Gessienne;DIT Auvergne Rhône Alpes Bourgogne Franche Comté;Auvergne-Rhône-Alpes;01/11/2022;01/09/2042;1 604,41 €;105,16 €;Non;;Réseau;COT Active;Réintégré Plateforme;;;Gex;891000;entre 174+000 et 174+500 174+230;AY 406;Eau ??;No;1188;
202108-SR-78-01238;???;Avenant admin,;Sipartech;DIT Ile de France;Ile de France;18/01/2023;17/01/2043;1 257,30 €;59,92 €;Non;;Réseau;COT Active;;Z1S4PN37;;Aulnay-sur-Mauldre;396000;046+258;AD 135;Télécom ??;No;1238;
202108-SR-27-01239;???;Avenant admin,;Sipartech;DIT Nord Normandie;Normandie;18/01/2023;17/01/2043;1 257,30 €;25,91 €;Non;;Réseau;COT Active;;Z2S4PN86;;Acquigny;371000;021+320;ZE 79;Télécom ??;No;1239;
202108-SR-14-01240;596737;Avenant admin,;Sipartech;DIT Nord Normandie;Normandie;18/01/2023;17/01/2043;1 257,30 €;64,78 €;Non;;Réseau;COT Active;;Z4S5PN164;;St André-Sur-Orne;412000;244+690;ZA 42;Télécom ??;No;1240;
202108-SR-14-01241;596740;Avenant admin,;Sipartech;DIT Nord Normandie;Normandie;18/01/2023;17/01/2043;1 257,30 €;275,32 €;Oui;002433Y;Réseau;COT Active;;Z5S3PN193;;Valdallière;405000;064+314;746/ZK 59;Télécom ??;No;1241;"{""type"":""FeatureCollection"",""features"":[{""type"":""Feature"",""id"":0,""geometry"":{""type"":""Polygon"",""coordinates"":[[[4.840126968920232,44.133296398880276],[4.84064195305109,44.13105556351215],[4.8422834649682045,44.131209575536786],[4.841596819460392,44.13342730415977],[4.840126968920232,44.133296398880276]]]},""properties"":null}]}"
202108-SR-35-01242;???;Avenant admin,;Sipartech;DIT Ouest Bretagne et Pays de la Loire;Bretagne;18/01/2023;17/01/2043;1 257,30 €;59,62 €;Non;;Réseau;COT Active;;Z7S1PN250;;Noyal s/ Vilaine;420000;363+360;A 716;Télécom ??;No;1242;
202108-SR-35-01243;;Avenant admin,;Sipartech;DIT Ouest Bretagne et Pays de la Loire;Bretagne;18/01/2023;17/01/2043;1 257,30 €;58,30 €;Non;;Réseau;COT Active;;Z7S2PN255;;Brie ;466000;039+560;ZE 0087 et ZE 0191;Télécom ??;No;1243;
202108-SR-44-01245;592801;Avenant admin,;Sipartech;DIT Ouest Bretagne et Pays de la Loire;Bretagne;18/01/2023;17/01/2043;1 257,30 €;45,35 €;Non;;Réseau;COT Active;;Z8S2PN271;;Isse;519000;483+278 (PN345);ZX 0022 + ZY 0042;Télécom ??;No;1245;
202108-SR-44-01246;593542;Avenant admin,;Sipartech;DIT Ouest Bretagne et Pays de la Loire;Bretagne;18/01/2023;17/01/2043;1 257,30 €;106,89 €;Non;;Réseau;COT Active;;Z8S2PN271;;Thouare sur Loire;515000;418+486;AT 135;Télécom ??;No;1246;
202108-SR-44-01247;592808;Avenant admin,;Sipartech;DIT Ouest Bretagne et Pays de la Loire;Bretagne;18/01/2023;17/01/2043;1 257,30 €;68,02 €;Oui;053621N;Réseau;COT Active;;Z8S2PN271;;Vertou;530000;10+820;BY 29;Télécom ??;No;1247;"{""type"":""FeatureCollection"",""features"":[{""type"":""Feature"",""id"":0,""geometry"":{""type"":""Polygon"",""coordinates"":[[[2.033538557589054,47.89834796484095],[2.0345685258507733,47.89814655689847],[2.0339033380150795,47.89711073224669],[2.032851912081241,47.897369690352406],[2.033538557589054,47.89834796484095]]]},""properties"":null}]}"
202108-SR-85-01248;???;Avenant admin,;Sipartech;DIT Ouest Bretagne et Pays de la Loire;Bretagne;18/01/2023;17/01/2043;1 257,30 €;38,87 €;Non;;Réseau;COT Active;;Z8S2PN271;;L'hébergement;530000;46+208 (PN35);ZI 91;Télécom ??;No;1248;
202108-SR-85-01249;"595889
";Avenant admin,;Sipartech;DIT Ouest Bretagne et Pays de la Loire;Bretagne;18/01/2023;17/01/2043;1 257,30 €;80,98 €;Non;;Réseau;COT Active;;Z8S2PN271;;Bournezeau ;525000;55+990 (PN52);ZA 115;Télécom ??;No;1249;
202108-SR-17-01250;596778;Avenant admin,;Sipartech;DIT Nouvelle Aquitaine;Nouvelle Aquitaine;18/01/2023;17/01/2043;1 257,30 €;58,30 €;Non;;Réseau;COT Active;;Z12S3PN416;;Chambon;538000;115+975;0Y 202;Télécom ??;No;1250;"{""type"":""FeatureCollection"",""features"":[{""type"":""Feature"",""id"":0,""geometry"":{""type"":""Polygon"",""coordinates"":[[[-0.9152656048536298,46.09472183950831],[-0.9148364514112471,46.09153738191708],[-0.9112744778394696,46.091790359570524],[-0.9119182080030438,46.09493016210149],[-0.9152656048536298,46.09472183950831]]]},""properties"":null}]}"
202108-SR-17-01251;???;Avenant admin,;Sipartech;DIT Nouvelle Aquitaine;Nouvelle Aquitaine;18/01/2023;17/01/2043;1 257,30 €;71,26 €;Non;;Réseau;COT Active;;Z12S4PN433;;Bords;530 000;226+020;AL 170;Télécom ??;No;1251;
202108-SR-17-01252;???;Avenant admin,;Sipartech;DIT Nouvelle Aquitaine;Nouvelle Aquitaine;18/01/2023;17/01/2043;1 257,30 €;97,17 €;Oui;003449C;Réseau;COT Active;;Z13S1PN453;;Saintes;544 000;007+967;ZV 136;Télécom ??;No;1252;
202108-SR-17-01253;???;Avenant admin,;Sipartech;DIT Nouvelle Aquitaine;Nouvelle Aquitaine;18/01/2023;17/01/2043;1 257,30 €;48,59 €;Oui;107482K;Réseau;COT Active;;Z13S4PN488;;Montendre;500000 (2);533+046 (PN476);B 2098;Télécom ??;No;1253;"{""type"":""FeatureCollection"",""features"":[{""type"":""Feature"",""id"":0,""geometry"":{""type"":""Polygon"",""coordinates"":[[[1.5895711071789262,46.73660330005154],[1.5904508717358108,46.73554445147124],[1.5914754755794998,46.73593416899163],[1.5904401428997512,46.736856979436595],[1.5896354801952837,46.73659227048597],[1.5895711071789262,46.73660330005154]]]},""properties"":null}]}"
202108-SR-33-01254;???;Avenant admin,;Sipartech;DIT Nouvelle Aquitaine;Nouvelle Aquitaine;18/01/2023;17/01/2043;1 257,30 €;48,59 €;Non;;Réseau;COT Active;;Z15S1PN521;;Portets;640 000;21+928 (PN32);B 0671;Télécom ??;No;1254;
202108-SR-40-01256;???;Avenant admin,;Sipartech;DIT Nouvelle Aquitaine;Nouvelle Aquitaine;18/01/2023;17/01/2043;1 257,30 €;64,78 €;Non;;Réseau;COT Active;;Z16S2PN537;;Lue;655000;081+965;F 0121;Télécom ??;No;1256;"{""type"":""FeatureCollection"",""features"":[{""type"":""Feature"",""id"":0,""geometry"":{""type"":""Polygon"",""coordinates"":[[[1.4598891511559482,44.924247175190544],[1.457679010927677,44.92239360992795],[1.459696032106876,44.92091983093533],[1.4625284448266025,44.9226822838595],[1.4598891511559482,44.924247175190544]]]},""properties"":null}]}"
202108-SR-40-01257;592745;Avenant admin,;Sipartech;DIT Nouvelle Aquitaine;Nouvelle Aquitaine;18/01/2023;17/01/2043;1 257,30 €;44,74 €;Oui;004191Z;Réseau;COT Active;;Z17S13PN555;;St Geours de Maremne ;655 000;166+090 (PN 106);BX 46;Télécom ??;No;1257;
202108-SR-64-01258;596349;Avenant admin,;Sipartech;DIT Nouvelle Aquitaine;Nouvelle Aquitaine;18/01/2023;17/01/2043;1 257,30 €;38,87 €;Oui;004625Y;Réseau;COT Active;;Z18S1PN560;;Lahonce;650000;311+658;AD 43;Télécom ??;No;1258;
202108-SR-64-01259;???;Avenant admin,;Sipartech;DIT Nouvelle Aquitaine;Nouvelle Aquitaine;18/01/2023;17/01/2043;1 257,30 €;90,70 €;Non;;Réseau;COT Active;;Z18S2PN567;;Villefranque;660 000;204+695;ZB 22;Télécom ??;No;1259;"{""type"":""FeatureCollection"",""features"":[{""type"":""Feature"",""id"":0,""geometry"":{""type"":""Polygon"",""coordinates"":[[[2.854618895798921,43.209140591340514],[2.8564106114208694,43.20919533000776],[2.856249678879976,43.207580518672216],[2.8548066504299636,43.2075101385135],[2.854618895798921,43.209140591340514]]]},""properties"":null}]}"
202108-SR-64-01260;???;Avenant admin,;Sipartech;DIT Nouvelle Aquitaine;Nouvelle Aquitaine;18/01/2023;17/01/2043;1 257,30 €;70,61 €;Non;;Réseau;COT Active;;Z18S2PN5710;;Anglet;655 000;203+535;DE 0036;Télécom ??;No;1260;
202108-SR-30-01261;508042;Création;ENEDIS;DIT Grand Sud;Occitanie;11/03/2022;11/03/2042;38,11 €;0,00 €;Oui;107284Y;Réseau;COT Active;Réintégré Plateforme;;DB25/041886;Castillon du Gard;813 000;entre 64+500 au 65+200;B 115-267-218 et C 1129;Electricité ?;No;1261;
202108-SR-54-01267;502222;Renouvellement;Syndicat Intercommunal des Eaux de Soiron;DIT Grand Est;grand Est;09/12/2021;09/12/2041;1 257,30 €;121,25 €;Oui;000474U;Réseau;COT Active;;;;Mars La Tour;095000;050+618; C 984;Eau ??;No;1267;
202108-SR-77-01268;???;Renouvellement;Revival;DIT Ile de france;Ile de france;12/01/2022;12/01/2042;1 257,30 €;242,50 €;Oui;000669G;Réseau;COT Active;;COT n° 248750;;Chelles;070000;du 020+250 au 020+300;AZ 140;Eau ??;No;1268;"{""type"":""FeatureCollection"",""features"":[{""type"":""Feature"",""id"":0,""geometry"":{""type"":""Polygon"",""coordinates"":[[[-3.041956191882491,47.71106099846088],[-3.0412910040467978,47.71103031723919],[-3.041293686255812,47.7109599308389],[-3.041974967345595,47.71098880732231],[-3.041956191882491,47.71106099846088]]]},""properties"":null}]}"
202108-SR-51-01292;594499;Renouvellement;SANEF;DIT Grand Est;Grand Est;18/11/2022;31/12/2031;1 257,30 €;1 141,31 €;Non;;Réseau;COT Active;;COT n° 231146;;Trois Puits;074000;165+412;0Z 474;Eau ??;No;1292;"{""type"":""FeatureCollection"",""features"":[{""type"":""Feature"",""id"":0,""geometry"":{""type"":""Polygon"",""coordinates"":[[[-3.041950911283493,47.71105016979644],[-3.0412910878658295,47.71101768378969],[-3.0412964522838593,47.71096534518071],[-3.0419750511646275,47.71098519776274],[-3.041950911283493,47.71105016979644]]]},""properties"":null}]}"
202108-SR-80-01295;506157;Renouvellement;COLT Technology Services;DIT NORD Hauts de France;Haut de France;28/02/2022;28/02/2042;1 257,30 €;171,35 €;Oui;002070D;Réseau;COT Active;;COT n°245789;;Albert;272000;155+778;AD 139;Télécom ??;No;1295;"{""type"":""FeatureCollection"",""features"":[{""type"":""Feature"",""id"":0,""geometry"":{""type"":""Polygon"",""coordinates"":[[[-1.4549077861011026,48.96948803683699],[-1.454923879355192,48.96861821124344],[-1.453700792044401,48.96860412487413],[-1.4537115208804605,48.96945282152066],[-1.4549077861011026,48.96948803683699]]]},""properties"":null}]}"
202108-SR-35-01301;595834;Régularisation;GRDF;DIT Ouest Bretagne et Pays de la Loire;Bretagne;18/06/2021;17/06/2041;38,11 €;0,00 €;Non;;Réseau;COT Active;Réintégré Plateforme;;RV7-1702855; Rennes;420000;376+200 (PN 193);AH 132;Gaz ?;No;1301;"{""type"":""FeatureCollection"",""features"":[{""type"":""Feature"",""id"":0,""geometry"":{""type"":""Polygon"",""coordinates"":[[[6.002389658242464,46.12107211912439],[6.002631057053804,46.11993803344592],[6.004277933388948,46.1201016406896],[6.004009712487458,46.12123944126478],[6.002389658242464,46.12107211912439]]]},""properties"":null}]}"
202108-SR-63-01303;508040;Backlog, Creation;ENEDIS;DIT Auvergnes Rhone Alpes Bourgogne Franches Comté;Auvergnes Rhone Alpes;02/03/2022;02/03/2042;38,11 €;0,00 €;Non;;Réseau;COT Active;Réintégré Plateforme;18-A583;;VOLVIC;711 000;487+700;BC 311;Electricité ?;No;1303;
202108-SR-12-01336;516032;Backlog, Creation;RTE;DIT Grand Sud ;occitanie;09/01/2023;09/01/2043;38,11 €;0,00 €;Oui;005673L;Réseau;COT Active;Réintégré Plateforme;19-A466;;Sévérac d'Aveyron;725 000;Sans objet;WV 138;Electricité ?;No;1336;
202109-SR-51-01392;566193;Avenant admin,;Communauté Urbaine du Grand Reims;DIT Grand Est;Grand Est;26/10/2022;25/10/2042;1 257,30 €;88,95 €;Non;;Réseau;COT Active;;231129;;Reims;74000;168+400;DT 727;Eau ??;No;1392;
202109-SR-51-01396;566194;Avenant admin,;Communauté Urbaine du Grand Reims;DIT Grand Est;Grand Est;26/10/2022;25/10/2042;1 257,30 €;96,95 €;Oui;000385U;Réseau;COT Active;;231218;;Warmeriville;207000;003+620;AC 687;Eau ??;No;1396;
202109-SR-51-01397;566192;Avenant admin,;Communauté Urbaine du Grand Reims;DIT Grand Est;Grand Est;26/10/2022;25/10/2042;1 257,30 €;116,34 €;Non;;Réseau;COT Active;;231058;;Sept Saulx;810000;201+310;ZC 23;Eau ??;No;1397;"{""type"":""FeatureCollection"",""features"":[{""type"":""Feature"",""id"":0,""geometry"":{""type"":""Polygon"",""coordinates"":[[[0.961985159665346,44.49289692152311],[0.9618832357227801,44.49278977551387],[0.9619637019932268,44.492713242529646],[0.9623204357922076,44.49291796803752],[0.9648980386555196,44.49397028407307],[0.9647827036678792,44.4940640349441],[0.961985159665346,44.49289692152311]]]},""properties"":null}]}"
202109-SR-35-01455;596133;Backlog, Creation;GRDF;Ouest Bretagne Pays de la Loire;Bretagne;23/06/2020;22/06/2040;38,11 €;0,00 €;Non;;Réseau;COT Active;Réintégré Plateforme;17-A319;;Betton;441 000;384+826 (PN 6);AT 41;Gaz ?;No;1455;
202110-PO-44-01475;;Création;Fibre 44;DIT Ouest Bretagne et Pays de la Loire;Pays de la Loire;14/03/2023;13/03/2043;1 604,41 €;6 475,00 €;;;POC;COT Active;Réintégré Plateforme;;;Saint Gildas des Bois;470000;491+700 PN 384;ZS 0085 + ZX 0169;Télécom ??;No;1475;"{""type"":""FeatureCollection"",""features"":[{""type"":""Feature"",""id"":0,""geometry"":{""type"":""Polygon"",""coordinates"":[[[2.1020727697759867,43.24729520273607],[2.1019681636244063,43.24699237384297],[2.1033763233572245,43.24684193570408],[2.1037813369184732,43.24707247711598],[2.1020727697759867,43.24729520273607]]]},""properties"":null}]}"
202111-PO-77-01525;504749;Création;;DIT Ile de France;Ile de France;20/12/2022;19/12/2034;1 604,41 €;129,49 €;Oui;000605N-T001;POC;COT Active;Réintégré Plateforme;;;Changis-Sur-Marne;070 000;057+600;B 561;Télécom ??;No;1525;
202111-SR-13-01526;514666;Création;ENEDIS;DIT Grand Sud;PACA;12/01/2022;12/01/2042;38,11 €;0,00 €;Oui;005684A;Réseau;COT Active;Réintégré Plateforme;;DC25/042642;Aix-en-Provence;905000-2;PK 408+400;CE 163;Electricité ?;No;1526;"{""type"":""FeatureCollection"",""features"":[{""type"":""Feature"",""id"":0,""geometry"":{""type"":""Polygon"",""coordinates"":[[[2.8270110860466957,49.8118124585323],[2.826345898211003,49.81025468643901],[2.828792072832585,49.81014390962514],[2.8286955133080487,49.81170168528379],[2.8270110860466957,49.8118124585323]]]},""properties"":null}]}"
202111-SR-31-01537;516804;Création;ENEDIS;DIT Grand Sud;Occitanie;31/03/2022;31/03/2042;38,11 €;0,00 €;Oui;003818H;Réseau;COT Active;Réintégré Plateforme;;;Toulouse;640000-1;PK 255+500 (PN 4);804/AB 38;Electricité ?;No;1537;
202111-SR-59-01544;;Renouvellement;Communauté urbaine de Dunkerque;DIT Nord Hauts de France;Hauts de France;20/03/2023;19/03/2043;1 257,30 €;80,79 €;Oui;001685Y;Réseau;COT Active;;232530;;Dunkerque;300000;308+550 (PN188);510 AD 71;Eau ??;No;1544;"{""type"":""FeatureCollection"",""features"":[{""type"":""Feature"",""id"":0,""geometry"":{""type"":""Polygon"",""coordinates"":[[[-0.808669589459896,44.007177101624876],[-0.8088519796729087,44.00672952871753],[-0.8078541979193686,44.006505740997454],[-0.8075752481818197,44.00696874913987],[-0.808669589459896,44.007177101624876]]]},""properties"":null}]}"
202111-SR-24-01556;521710;Avenant admin,;Communauté d'Agglomération du Grand Périgueux;DIT Nouvelle Aquitaine;Nouvelle Aquitaine;01/01/2020;01/01/2040;1 257,30 €;60,24 €;Oui;003676Z;Réseau;COT Active;;N0452200094;;Coulounieix-Chamiers;621000; 72+600 au PK 73+800;BP 0001 et AB 0053;Eau ??;No;1556;"{""type"":""FeatureCollection"",""features"":[{""type"":""Feature"",""id"":0,""geometry"":{""type"":""Polygon"",""coordinates"":[[[7.997596263885496,48.80567635833361],[7.999098300933835,48.80508279641987],[7.999098300933835,48.80508279641987],[7.998025417327879,48.80383912010555],[7.996437549591063,48.804517492827614],[7.997596263885496,48.80567635833361]]]},""properties"":null}]}"
202111-SR-62-01581;592707;Backlog, Renouvellement;Syndicat Intercommunal d’Eau Potable du Saint Polois;DIT NORD Hauts de France;Hauts de France;21/11/2022;20/11/2042;1 257,30 €;100,41 €;Oui;002002R;Réseau;COT Active;;234457 PAS DE COT;;St-Michel-sur-Ternoise;289 000;071+952 (PN 68);0B 1649;Eau ??;No;1581;
202111-SR-62-01582;593559;Backlog, Renouvellement;Syndicat Intercommunal d’Eau Potable du Saint Polois;DIT Nord Hauts de France;Hauts de France;21/11/2022;20/11/2042;1 257,30 €;150,61 €;Oui;072122T;Réseau;COT Active;;234458 ;;Roellecourt;307 000;226+020 (PN 112);0B 936;Eau ??;No;1582;
202111-SR-76-01603;520334;Backlog, Renouvellement;Communauté d’Agglomération de la Région Dieppoise (Dieppe Maritime);DIT NORD Normandie;Normandie;13/07/2022;13/07/2042;1 257,30 €;80,33 €;Oui;002322V;Réseau;COT Active;;236138  ;;SAINT AUBIN SUR SCIE ;350000;193+434 PN24;AL 64;Eau ??;No;1603;
202111-SR-76-01604;520196;Backlog, Renouvellement;Communauté d’Agglomération de la Région Dieppoise (Dieppe Maritime);DIT NORD Normandie;Normandie;13/07/2022;13/07/2042;1 257,30 €;60,24 €;Non;;Réseau;COT Active;;236139 ;;SAUQUEVILLE;350000;191+540 PN 22;A 209;Eau ??;No;1604;"{""type"":""FeatureCollection"",""features"":[{""type"":""Feature"",""id"":0,""geometry"":{""type"":""Polygon"",""coordinates"":[[[2.8080396540462975,48.992013697867606],[2.8081093914806843,48.991369544835266],[2.8093753941357136,48.991415304615145],[2.8092520125210285,48.992105216201935],[2.8080396540462975,48.992013697867606]]]},""properties"":null}]}"
202111-SR-76-01605;520328;Backlog, Renouvellement;Communauté d’Agglomération de la Région Dieppoise (Dieppe Maritime);DIT NORD Normandie;Normandie;13/07/2022;13/07/2042;1 257,30 €;53,72 €;Non;;Réseau;COT Active;;236140  ;;OFFRANVILLE;350000;191+956 PN 23;AL 63;Eau ??;No;1605;
202111-SR-76-01606;520330;Backlog, Renouvellement;Communauté d’Agglomération de la Région Dieppoise (Dieppe Maritime);DIT NORD Normandie;Normandie;13/07/2022;13/07/2042;1 257,30 €;80,33 €;Non;;Réseau;COT Active;;236141   ;;SAINT AUBIN SUR SCIE;350000;194+967 PN 27;AH 32;Eau ??;No;1606;
202111-SR-76-01607;520337;Backlog, Renouvellement;Communauté d’Agglomération de la Région Dieppoise (Dieppe Maritime);DIT NORD Normandie;Normandie;13/07/2022;13/07/2042;1 257,30 €;130,53 €;Oui;002211S;Réseau;COT Active;;236142 ;;ARQUES LA BATAILLE;330000;161+492 PN 106;AE 35;Eau ??;No;1607;"{""type"":""FeatureCollection"",""features"":[{""type"":""Feature"",""id"":0,""geometry"":{""type"":""Polygon"",""coordinates"":[[[0.21615528501570225,44.837017410009906],[0.21615528501570225,44.836768248052664],[0.21667295135557652,44.83675493402464],[0.21666222251951697,44.837019312005424],[0.21615528501570225,44.837017410009906]]]},""properties"":null}]}"
202112-PO-44-01813;;Création;Fibre 44;DIT Ouest Bretagne et Pays de la Loire;Pays de la Loire;14/03/2023;13/03/2043;1 604,41 €;64,75 €;Non;;POC;COT Active;Réintégré Plateforme;;;Saint Gildas Les Bois;470000;490+600 (PN 382);ZT 124;Télécom ??;No;1813;
202111-SR-13-01826;564034;Création Plateforme;ENEDIS;DIT Grand Sud;PACA;15/09/2022;14/09/2042;38,11 €;0,00 €;Non;;Réseau;COT Active;;;;Arles;820000;002+200;BM 118;Electricité ?;No;1826;"{""type"":""FeatureCollection"",""features"":[{""type"":""Feature"",""id"":0,""geometry"":{""type"":""Polygon"",""coordinates"":[[[4.615932002707267,43.67647766617398],[4.6168707758624805,43.67684430796916],[4.616693750067498,43.67711395315078],[4.616222173062852,43.6773932965215],[4.615809112874557,43.677191548661995],[4.6157554686942595,43.67703247775603],[4.615304857579758,43.676741493300256],[4.615809112874557,43.67644662761225],[4.615932002707267,43.67647766617398]]]},""properties"":null}]}"
202201-SR-76-01845;520287;Backlog, Régularisation;Communauté d’Agglomération de la Région Dieppoise (Dieppe Maritime);DIT NORD Normandie;Normandie;13/07/2022;13/07/2042;1 604,41 €;122,71 €;Non;;Réseau;COT Active;;12-C156;;Sauqueville;355000;191+931;A 209;Eau ??;No;1845;
202202-SR-15-01905;591626;Avenant technique;Syndicat des Eaux Saint Constant Saint Etienne de Maurs;DIT Auvergne Rhone Alpes BFC;Auvergne Rhône Alpes;18/11/2022;17/11/2042;1 604,41 €;115,47 €;Non;;Réseau;COT Active;;;;St Etiennes de Maurs;720000;261+289;A 64;Eau ??;No;1905;
202202-SR-33-01909;595368;Régularisation;Syndicat Intercommunal d’Alimentation d’eau potable et d’assainissement Bassanne-Dropt-Garonne;DIT Nouvelle Aquitaine;Aquitaine;18/11/2022;17/11/2042;1 257,30 €;200,82 €;Non;;Réseau;COT Active;;;;Lamothe-Landerron;640000;068+100 (PN82);ZC 154;Eau ??;No;1909;
202202-PO-39-01912;522802;Avenant admin,;Département du Jura;DIT Auvergne Rhône Alpes Bourgogne Franche Comt;Bourgogne Franche Comté;10/08/2022;10/08/2042;1 257,30 €;33,53 €;Non;;POC;COT Active;;;;Parcey;869000;371+392 (PN 9);ZN 001;Télécom ??;Yes;1912;
202202-PO-39-01913;522798;Avenant admin,;Département du Jura;DIT Auvergne Rhône Alpes Bourgogne Franche Comté;Bourgogne Franche Comté;10/08/2022;10/08/2042;1 257,30 €;41,91 €;Non;;POC;COT Active;;;;Poligny;880000;416+685;H 463;Télécom ??;Yes;1913;"{""type"":""FeatureCollection"",""features"":[{""type"":""Feature"",""id"":0,""geometry"":{""type"":""Polygon"",""coordinates"":[[[5.268478263169527,49.11188150380448],[5.268381703644992,49.11164623525784],[5.268928874284029,49.111593563042305],[5.269003976136446,49.111870969415776],[5.268478263169527,49.11188150380448]]]},""properties"":null}]}"
202202-PO-39-01914;522797;Avenant admin,;Département du Jura;DIT Auvergne Rhône Alpes Bourgogne Franche Comté;Bourgogne Franche Comté;10/08/2022;10/08/2042;1 257,30 €;67,06 €;Non;;POC;COT Active;;;;Tavaux;865000;73+307 (PN 64);AI 132    AI 9 ?;Télécom ??;Yes;1914;
202202-PO-39-01915;522795;Avenant admin,;Département du Jura;DIT Auvergne Rhône Alpes Bourgogne Franche Comté;Bourgogne Franche Comté;10/08/2022;10/08/2042;1 257,30 €;40,23 €;Non;;POC;COT Active;;;;Voiteur;880000;429+300 (PN 18);ZL 89;Télécom ??;Yes;1915;
202203-SR-26-01969;573586;Régularisation;Montélimar Agglomération;DIT Auvergne Rhône Alpes Franche Comté;Auvergne Rhône Alpes;28/10/2022;27/10/2042;1 257,30 €;82,55 €;Oui;6034K;Réseau;COT Active;;;;Montélimar;830000;660+976;AS 401;Eau ??;No;1969;
202204-SR-63-01980;567119;Backlog, Creation;Clermont Auvergne Métropole;DIT AURA BFC;Auvergne-Rhône-Alpes;29/03/2022;28/03/2042;1 000,00 €;2 696,43 €;Non;;Réseau;COT Active;;16-A783;;Clermont Ferrand;784000;003+898; BE 133;Eau ??;No;1980;
202204-SR-63-02054;;Backlog, Creation;;DIT Auvergne Rhône Alpes BFC;Auvergne-Rhône-Alpes;23/10/2023;22/10/2043;1 000,00 €;96,38 €;Oui;006691U;Réseau;COT Active;;18-A782;;GERZAT;790000;411+710;AB 860;Eau ??;No;2054;"{""type"":""FeatureCollection"",""features"":[{""type"":""Feature"",""id"":0,""geometry"":{""type"":""Polygon"",""coordinates"":[[[4.324842430651187,43.79191518340849],[4.32529304176569,43.79116394327906],[4.326237179338931,43.79145824466099],[4.325690008699893,43.79210105579767],[4.324842430651187,43.79191518340849]]]},""properties"":null}]}"
202204-SR-93-02057;465274;Avenant technique réel;La Compagnie Parisienne de Chauffage Urbain (CPCU);DIT Ile de France;Ile de France;05/11/2021;05/11/2041;1 604,41 €;160,65 €;Oui;002196D;Réseau;COT Active;;202103-SR-93-00103;;Saint-Ouen-sur-Seine;sans objet;sans objet;L 80;Eau ??;No;2057;"{""type"":""FeatureCollection"",""features"":[{""type"":""Feature"",""id"":0,""geometry"":{""type"":""Polygon"",""coordinates"":[[[4.664238430559634,46.41912548541694],[4.663927294313907,46.41850419930256],[4.664399363100528,46.4182379316579],[4.6652576699852935,46.41890359833161],[4.664238430559634,46.41912548541694]]]},""properties"":null}]}"
202204-SR-03-02077;;Backlog, Creation;Enedis;DIT Auvergne Rhone Alpes BFC;Auvergne Rhône Alpes;10/06/2022;09/06/2042;38,11 €;0,00 €;Oui;005487J;Réseau;COT Active;;18-A519;DD28/017655;Dompierre Sur Besbre;770000;028+433;AB 1;Electricité ?;No;2077;
202205-SR-57-02097;523099;Création;RESEDA;DIT Grand Est;Grand Est;29/06/2022;29/06/2042;1 604,41 €;50,47 €;Oui;Metz P,E,M,T;Réseau;COT Active;;;;Metz;140000;151+481 à proximité du PRA;SE 203;Electricité ?;No;2097;
202206-SR-67-02118;564782;Renouvellement;Strasbourg Electricité Réseaux;DIT Grand Est;Grand Est;07/10/2022;06/10/2042;1 257,30 €;1,26 €;Non;;Réseau;COT Active;;235016;;Soufflenheim;150000;015+600;28 082;Electricité ?;No;2118;
202207-SR-31-02156;???;Avenant admin,;Réseau 31;DIT Grand Sud;Occitanie;01/09/2023;31/08/2043;1 257,30 €;98,52 €;Non;;Réseau;COT Active;;;;Lestelle de Saint Martory;650000;074+106;AH  67;Eau ??;No;2156;"{""type"":""FeatureCollection"",""features"":[{""type"":""Feature"",""id"":0,""geometry"":{""type"":""Polygon"",""coordinates"":[[[3.676098883152008,47.668172686587496],[3.6763027310371394,47.66786923369585],[3.6765924096107483,47.668078760881],[3.6767801642417903,47.66831718734437],[3.6764261126518254,47.668530325230506],[3.676098883152008,47.668172686587496]]]},""properties"":null}]}"
202207-SR-29-02181;564451;Backlog, Creation;M, CABIOCH Henri;DIT OUEST Bretagne Pays de la Loire;Bretagne;14/10/2022;13/10/2042;1 000,00 €;85,93 €;Non;;Réseau;COT Active;;19-A188;;Roscoff;447000;026+063;AL 137;Eau ??;No;2181;
202207-SR-59-02204;592689;Renouvellement;Noérade;DIT Haut de France;Nord;;;1 257,30 €;207,42 €;Oui;001537H;Réseau;COT Active;;232972;;Bertry;250000;186+500 186+600;ZK 81 ZK 069;Eau ??;No;2204;"{""type"":""FeatureCollection"",""features"":[{""type"":""Feature"",""id"":0,""geometry"":{""type"":""Polygon"",""coordinates"":[[[4.321150118485092,45.493705886957315],[4.320970410481094,45.49364760087303],[4.32145052589476,45.49295380381781],[4.3216919247061005,45.49302901258372],[4.321150118485092,45.493705886957315]]]},""properties"":null}]}"
202209-SR-54-02262;595687;Avenant admin,;COMMUNAUTE DE COMMUNES DES TERRES TOULOISES;DIT Grand Est;Grand Est;03/01/2023;02/01/2043;1 257,30 €;55,81 €;Oui;000435R;Réseau;COT Active;;231405;;Foug;070000;312+580;AC 94 AC 220;Eau ??;No;2262;
202209-SR-59-02267;;Backlog, Renouvellement;Communauté urbaine de Dunkerque ;DIT Nord Hauts de France;Hauts de France;20/03/2023;19/03/2043;1 257,30 €;43,30 €;Non;;Réseau;COT Active;;;;Craywick;304000-1;014+007 PN 17;AC 20;Eau ??;No;2267;"{""type"":""FeatureCollection"",""features"":[{""type"":""Feature"",""id"":0,""geometry"":{""type"":""Polygon"",""coordinates"":[[[0.3084060922265053,49.33575672352535],[0.3088888898491859,49.3354211457719],[0.30942533165216446,49.3356728293015],[0.3088352456688881,49.33600840533899],[0.3084060922265053,49.33575672352535]]]},""properties"":null}]}"
202209-SR-13-02279;;Création Plateforme;Enedis;DIT Grand Sud;PACA;01/03/2023;28/02/2043;38,11 €;0,00 €;Non;;;COT Active;;;;Aix en Provence;905000-2;401+660;MR 33;Electricité ?;No;2279;"{""type"":""FeatureCollection"",""features"":[{""type"":""Feature"",""id"":0,""geometry"":{""type"":""Polygon"",""coordinates"":[[[-0.5620594136416912,42.883161705904286],[-0.5621237866580486,42.88265463844684],[-0.5613030306994915,42.882285144806474],[-0.5609114281833172,42.88243451484246],[-0.5620594136416912,42.883161705904286]]]},""properties"":null}]}"
202201-SR-72-02417;592729;Création Plateforme;ENEDIS;DIT Ouest Bretagne Pays de Loire;Pays de la Loire;21/11/2022;20/11/2042;38,11 €;6 083,08 €;Oui;081645T;Réseau;COT Active;;;DA27/078502;Loir en vallée;500 000;PK 195+500;0A 240 et ZP 15;Electricité ?;No;2417;"{""type"":""FeatureCollection"",""features"":[{""type"":""Feature"",""id"":0,""geometry"":{""type"":""Polygon"",""coordinates"":[[[0.655343900862454,47.760567937733754],[0.655424358149712,47.7604922030325],[0.6544802205764712,47.76006667802167],[0.6517658250533999,47.75866746955066],[0.6506875770294266,47.75785605564752],[0.647973181506358,47.756651533452185],[0.6455967443191634,47.75574992673518],[0.6426302211486922,47.754985351997874],[0.6420669572555645,47.75589779130772],[0.642742873927319,47.75606729408128],[0.6429413573944207,47.75611057129669],[0.6439176814758443,47.756316137578324],[0.6454787271225157,47.756835459303915],[0.6477639692032084,47.757870480894184],[0.6485900895797968,47.75822389818501],[0.6497541682922611,47.75871435085608],[0.6506339328491481,47.7590857935524],[0.6524417417251874,47.75990079444753],[0.6532678621017743,47.760308290107446],[0.6549898402893352,47.7609105123625],[0.655343900862454,47.760567937733754]]]},""properties"":null}]}"
202201-SR-35-02855;522228;Création Plateforme;Syndicat Mixte Mégalis Bretagne;DIT Ouest Bretagne Pays de Loire;Bretagne;28/10/2022;27/10/2042;1 604,41 €;33,53 €;Oui;044509T;POC;COT Active;;;;Epiniac;415000;130+764 (PN 122);A 144;Télécom ??;No;2855;"{""type"":""FeatureCollection"",""features"":[{""type"":""Feature"",""id"":0,""geometry"":{""type"":""Polygon"",""coordinates"":[[[-1.6904623499999998,48.52311098999999],[-1.6901565799999998,48.52312520999999],[-1.69008684,48.52256028000002],[-1.69001174,48.521803490000025],[-1.6903282400000001,48.52179283000001],[-1.6904623499999998,48.52311098999999]]]},""properties"":null}]}"
202203-SR-51-03176;564760;Création Plateforme;ENEDIS;DIT Grand Est;Grand Est;25/11/2021;24/11/2041;38,11 €;0,00 €;Non;;Réseau;COT Active;;;DA23/024285;Aougny;005000;091+100;ZK 43;Electricité ?;No;3176;"{""type"":""FeatureCollection"",""features"":[{""type"":""Feature"",""id"":0,""geometry"":{""type"":""Polygon"",""coordinates"":[[[3.719988539814948,49.18391156806382],[3.719983175396919,49.18387124489132],[3.7203881889581676,49.183814266439356],[3.720398917794227,49.18386423216231],[3.719988539814948,49.18391156806382]]]},""properties"":null}]}"
202203-SR-12-03185;566638;Création Plateforme;ENEDIS;DIT Grand Sud;Occitanie;03/10/2022;01/10/2042;38,11 €;0,00 €;Oui;005662X;Réseau;COT Active;;;DE26/031005;Aguessac;722000;555+400;AC 151;Electricité ?;No;3185;"{""type"":""FeatureCollection"",""features"":[{""type"":""Feature"",""id"":0,""geometry"":{""type"":""Polygon"",""coordinates"":[[[3.0984133388847117,44.14953798799746],[3.0984213855117564,44.14940134477084],[3.0985018517822027,44.14933783443104],[3.0985313560813665,44.14916077494115],[3.098542084917426,44.148952921818704],[3.0992180015891795,44.148850919555684],[3.0991509463638067,44.14891635498998],[3.0986064579337835,44.14903182910879],[3.098515262827277,44.14953606344719],[3.0984133388847117,44.14953798799746]]]},""properties"":null}]}"
202203-SR-55-03245;516368;Création Plateforme;ENEDIS;DIT Grand Est;Grand Est;09/05/2022;09/05/2042;38,11 €;0,00 €;Non;;Réseau;COT Active;;;DB23/020981;Velaines;027000;001+151 (PN 2);AB 460;Electricité ?;No;3245;"{""type"":""FeatureCollection"",""features"":[{""type"":""Feature"",""id"":0,""geometry"":{""type"":""Polygon"",""coordinates"":[[[5.296708626798445,48.7087655746071],[5.296100736013614,48.708875475599314],[5.296422601095401,48.70928610238394],[5.297109011763118,48.70927891272305],[5.297768309756064,48.709273712831674],[5.297768028244422,48.70927200999574],[5.297774434438907,48.709271942895384],[5.297667146078311,48.708592282760975],[5.297655990397538,48.70859429961328],[5.297655656977439,48.708592282760975],[5.296708626798445,48.7087655746071]]]},""properties"":null}]}"
202203-GC-06-03356;522849;Création Plateforme;ENEDIS;3C Grand Est;PACA;22/07/2022;22/07/2042;38,11 €;0,00 €;Oui;0055556X;G&C;COT Active;;;DE25/055866;Beaulieu-sur-Mer;930000;230+700;AH 72;Electricité ?;No;3356;"{""type"":""FeatureCollection"",""features"":[{""type"":""Feature"",""id"":0,""geometry"":{""type"":""Polygon"",""coordinates"":[[[7.331779533997177,43.707099081650426],[7.331669563427567,43.707124287597026],[7.331366473808884,43.706552303891755],[7.3314496222883445,43.706527097704594],[7.331685656681655,43.707009891292614],[7.331779533997177,43.707099081650426]]]},""properties"":null}]}"
202204-SR-26-03571;???;Création Plateforme;ENEDIS;DIT AURA BFC;Auvergne Rhône-Alpes;23/01/2023;22/01/2043;38,11 €;14 921,88 €;Oui;008630L;Réseau;COT Active;;;DC24/084436;Châteauneuf sur Isère;752000;494+000;XB 186, 85 - ZS 258, 295 - ZX 517, 560, 559;Electricité ?;No;3571;
202205-SR-26-03587;522878;Création Plateforme;SDED 26;DIT Auvergne Rhone Alpes Bourgogne Franche Comté;Auvergne Rhone Alpes;01/09/2022;30/08/2042;38,11 €;1 671,02 €;Non;;Réseau;COT Active;;;DC24/062264;Montmeyran;Parcelle sans voie ferrée;Parcelle sans voie ferrée;YK 14;Electricité ?;Yes;3587;"{""type"":""FeatureCollection"",""features"":[{""type"":""Feature"",""id"":0,""geometry"":{""type"":""Polygon"",""coordinates"":[[[-0.9491472272202373,46.91572186283875],[-0.94920355360955,46.91565773770395],[-0.9490587143227459,46.915578039215234],[-0.9490104345604777,46.91565040911223],[-0.9491472272202373,46.91572186283875]]]},""properties"":null}]}"
202205-SR-03-03602;???;Création Plateforme;ENEDIS;DIT Auvergne Rhone Alpes BFC;Auvergne-Rhône-Alpes;20/01/2023;19/02/2043;38,11 €;0,00 €;Non;;Réseau;COT Active;;;DD28/017689;Cusset;786000;001+600;CM 12;Electricité ?;No;3602;"{""type"":""FeatureCollection"",""features"":[{""type"":""Feature"",""id"":0,""geometry"":{""type"":""Polygon"",""coordinates"":[[[4.978504646569491,45.0043376811675],[4.978837240487336,45.00424285785945],[4.978547561913729,45.00317324007426],[4.978810418397188,45.002327393429965],[4.979172684252262,44.999729086850834],[4.979251557961106,44.999175271966294],[4.97940176166594,44.998913535671846],[4.979943567886948,44.99848678914964],[4.979855054989456,44.99839385281891],[4.979342753067611,44.99888318935743],[4.979181820526718,44.9991733753308],[4.978729952126741,45.0023198073049],[4.978483188897371,45.00319220510244],[4.97875140979886,45.004216307305114],[4.978504646569491,45.0043376811675]]]},""properties"":null},{""type"":""Feature"",""id"":1,""geometry"":{""type"":""Polygon"",""coordinates"":[[[4.9743832647800446,45.00562346973061],[4.9749840795993805,45.0055324414011],[4.978858698159456,45.00427320133508],[4.9743832647800446,45.00562346973061]]]},""properties"":null}]}"
202205-SR-22-03603;563833;Création Plateforme;ENEDIS;DIT Ouest Bretagne et Pays de la Loire;Bretagne;01/09/2022;31/08/2042;38,11 €;0,00 €;Non;;Réseau;COT Active;;;DB27/085650;Grâces;485000;508+800 PN 5;B 736;Electricité ?;No;3603;
202205-SR-33-03607;589888;Création Plateforme;ORANGE;DIT Nouvelle Aquitaine;Nouvelle-Aquitaine;20/03/2023;30/04/2024;1 604,41 €;311,68 €;Oui;003931P;;COT Active;;;;Libourne;570000;546+200;BI 442 et AH 36;Télécom ??;No;3607;
202206-SR-13-03630;;Création Plateforme;Enedis;DIT Grand Sud;PACA;30/01/2023;29/01/2043;38,11 €;0,00 €;Non;;Réseau;COT Active;;;53289822 + 53289821;Aubagne;930000;020+600;AT 263;Electricité ?;No;3630;
202206-SR-11-03648;566644;Création Plateforme;ENEDIS;DIT Grand Sud;Occitanie ;14/09/2022;13/09/2042;38,11 €;0,00 €;Non;;Réseau;COT Active;;;DB25/014752;Sallèles-d’Aude;734000;421+359 (PN 18);AB 86;Electricité ?;No;3648;
202208-SR-69-03753;562708 / 566749;Création Plateforme;Syndicat d’Assainissement du Val d’Azergues;Auvergne Rhône Alpes Bourgogne Franche Comté;Rhône Alpes;13/10/2022;12/10/2042;1 604,41 €;144,34 €;Oui;006895E;Réseau;COT Active;;;;Ternand;775000;079+950;B 100;Eau ??;No;3753;
202209-SR-30-03845;573619;Création Plateforme;Mairie de Saint Jean de Valériscle;DIT Grand Sud;Occitanie;;;1 604,41 €;24,28 €;Oui;006149W ;Réseau;COT Active;;;;Saint Jean de Valériscle;813000;004+100;B 1804;Autres - Divers;No;3845;"{""type"":""FeatureCollection"",""features"":[{""type"":""Feature"",""id"":0,""geometry"":{""type"":""Polygon"",""coordinates"":[[[1.31237121,48.995860770000036],[1.31226392,48.996015639999996],[1.31331535,48.99624792999998],[1.3133260799999997,48.99591004999999],[1.3127359900000002,48.99557919999998],[1.30838008,48.99344622000001],[1.3066849299999999,48.993840440000014],[1.30679221,48.994100910000014],[1.3080045700000003,48.993826359999986],[1.31202789,48.995762220000046],[1.31237121,48.995860770000036]]]},""properties"":null}]}"
202210-SR-84-03867;566659;Backlog, Création Plateforme;Enedis;DIT Grand Sud;PACA;20/10/2022;19/10/2042;38,11 €;0,00 €;Non;;Réseau;COT Active;;18-A712;DC25/022621;Avignon;752000;635+980;BT 122, BT 128, BT 131, BT 154, BT 158, BT 161, BT 163, BT 180, BT 184, BT 186, BT 188, BT 190 et BT 191;Electricité ?;No;3867;
202211-SR-66-03952;???;Création Plateforme;Enedis;DIT Grand Sud;Occitanie;23/01/2023;22/01/2043;38,11 €;0,00 €;Oui;006769T;Réseau;COT Active;;;DB25/047460;Rivesaltes;676000;472+200;C 1484;Electricité ?;No;3952;
